23,106,84,833,9.916666666666666,6.372744688928572,8.940398328170554,370.0341053,20000
23,116,94,930,9.893617021276595,19.917383804963556,34.50043847230321,249.2324077,30000
23,25,3,20,6.666666666666667,36.47145267930029,26.11568761005831,257.703534,30000
23,178,156,1557,9.98076923076923,34.5604523680758,23.778441236151608,36.478047,40000
23,116,94,930,9.893617021276595,16.74253083860058,34.50043847230321,274.7045355,30000
23,25,3,21,7.0,14.191135495983966,25.040826531341107,204.6148175,30000
23,49,27,259,9.592592592592593,19.844568735743437,0.9320739800018221,203.7532592,30000
23,116,94,937,9.96808510638298,30.344404782069965,34.666545936588925,63.74826956,30000
23,27,5,47,9.4,7.5534351008819245,15.29558260084548,401.9272598,20000
23,58,36,357,9.916666666666666,19.442552644927115,4.170005632944607e-05,239.9873869,30000
23,103,81,799,9.864197530864198,34.45098539431487,2.5050020327259474e-05,70.65293065,40000
23,100,78,770,9.871794871794872,34.50078930685132,0.00047400727813411077,275.5377162,40000
23,108,86,857,9.965116279069768,24.40454418658892,11.409221314548105,165.5823419,30000
23,107,85,843,9.91764705882353,34.46816793002915,13.55407232142857,243.6383296,30000
23,114,92,908,9.869565217391305,34.641942875364435,22.30815390379009,173.531063,30000
23,24,2,15,7.5,17.023246285743436,30.05514373250729,494.8043389,20000
23,26,4,37,9.25,39.66826569169096,15.62788423266035,280.27911,30000
23,23,1,1,1.0,34.817131435131195,34.52570228571429,444.3576243,20000
23,110,88,876,9.954545454545455,34.44467432142857,11.114221985779883,317.9537635,30000
23,116,94,931,9.904255319148936,34.77910803571429,34.67849857215744,74.52115228,20000
23,116,94,931,9.904255319148936,13.6208898175,34.67849857215744,185.0789605,40000
23,116,94,936,9.957446808510639,11.109044005714285,34.58608531778426,73.85786957,40000
23,24,2,11,5.5,22.077554418374632,32.86624418658892,257.7368311,30000
23,177,155,1545,9.96774193548387,34.82276597740525,34.72421536516035,25.03988927,20000
23,98,76,751,9.881578947368421,31.724136571428573,0.0033899071719312025,255.6844937,40000
23,30,8,63,7.875,19.61540709271866,5.481384539825073,418.6983633,20000
23,98,76,751,9.881578947368421,21.40661871610058,0.0033899071719312025,106.3052743,40000
23,116,94,933,9.925531914893616,32.317747393586004,34.52675510860058,76.70017892,20000
23,116,94,932,9.914893617021276,10.684880417609328,34.55834589577259,112.8430494,40000
23,116,94,932,9.914893617021276,1.8296487246720115,34.55834589577259,452.8334512,30000
23,116,94,934,9.936170212765957,10.695027096239068,34.753416664723034,59.6437166,40000
23,116,94,930,9.893617021276595,23.535883000000002,34.50043847230321,141.9121995,30000
23,113,91,898,9.868131868131869,34.64053720189504,17.435920481049564,56.08114718,40000
23,116,94,930,9.893617021276595,7.499824527580175,34.50043847230321,134.9774813,40000
23,109,87,867,9.96551724137931,34.790372455539355,10.299614074701166,216.4937092,40000
23,116,94,930,9.893617021276595,20.94954036210641,34.50043847230321,253.3050474,30000
23,23,1,3,3.0,11.147391988804664,34.588894880466476,508.5207234,30000
23,116,94,930,9.893617021276595,22.92013890379009,34.50043847230321,130.8016866,30000
23,116,94,933,9.925531914893616,11.34909965740525,34.52675510860058,172.8883817,40000
23,116,94,932,9.914893617021276,14.827008678782798,34.55834589577259,123.608871,40000
23,23,1,1,1.0,34.69326591909621,34.588894880466476,352.5165591,20000
23,116,94,928,9.872340425531915,28.442358379008745,34.67849857215744,156.5542927,30000
24,36,13,124,9.538461538461538,20.140509042099126,0.021580415251720848,419.1817801,30000
24,24,1,2,2.0,34.858694956997084,32.074866134110785,377.2912288,20000
24,24,1,1,1.0,23.192112699708456,31.184449510932943,275.9658364,20000
24,24,1,2,2.0,34.5604523680758,29.209072321428575,386.5212599,20000
24,25,2,4,2.0,26.943550321428567,26.11568761005831,286.1930287,20000
25,25,1,3,3.0,11.565914148221573,24.44127748104956,326.6057044,20000
25,26,2,6,3.0,28.76516616909621,20.050952118374635,410.7750107,20000
25,25,1,2,2.0,13.69770579930029,22.115852204810494,230.820393,20000
25,25,1,2,2.0,34.46571306778426,22.115852204810494,491.4019238,20000
26,26,1,2,2.0,13.819866035714284,19.13795588577988,237.3375284,20000
26,26,1,2,2.0,33.447221429300285,19.13795588577988,487.5491106,20000
26,26,1,4,4.0,25.31986268513119,17.857851185539356,312.1336134,20000
26,26,1,1,1.0,7.616166869395043,19.13795588577988,322.9731211,20000
26,26,1,1,1.0,14.327696669416909,17.857851185539356,242.8505826,20000
26,26,1,1,1.0,31.935000018221572,17.857851185539356,483.6725367,20000
26,26,1,3,3.0,22.918345717201166,16.574236979657435,427.9366971,20000
26,26,1,2,2.0,12.685661831086007,15.62788423266035,249.4730127,20000
26,26,1,2,2.0,28.627341854956263,15.62788423266035,475.0892561,20000
26,27,2,4,2.0,21.688404000116616,14.966022993943149,325.5090098,20000
26,26,1,2,2.0,6.673837372857143,15.62788423266035,319.6508942,20000
27,27,1,4,4.0,18.128623959446063,14.95859159696793,440.2680097,20000
27,27,1,1,1.0,11.164891245743439,14.977339569453353,255.5189277,20000
27,27,1,1,1.0,26.18733312026239,14.977339569453353,466.5271007,20000
27,27,1,2,2.0,9.591344467201168,15.15491495691691,259.9869506,20000
27,27,1,3,3.0,22.992507839650145,15.29558260084548,458.6266214,20000
27,27,1,2,2.0,8.057495623586007,15.15491495691691,316.6464015,20000
27,27,1,1,1.0,20.84830122169096,15.15491495691691,337.906379,20000
27,28,2,3,1.5,16.98144742916181,15.146239206712828,449.3431866,20000
27,28,2,2,1.0,9.638393535925657,14.406662263119534,264.3419283,20000
28,28,1,1,1.0,22.45567732944606,14.406662263119534,452.1675544,20000
28,28,1,5,5.0,21.759304144139943,11.606575750000001,347.796391,20000
28,28,1,5,5.0,12.455420319999998,11.606575750000001,313.3457832,20000
28,28,1,1,1.0,10.66357686542274,11.606575750000001,270.2581692,20000
28,28,1,1,1.0,21.161057012711368,11.606575750000001,445.733378,20000
28,29,2,9,4.5,9.400726060065598,7.159765531078717,465.9813504,20000
28,29,2,3,1.5,12.195800703090379,7.838934123330905,275.8629136,20000
28,29,2,4,2.0,18.380709907354227,6.923932116100583,437.1983645,20000
28,28,1,1,1.0,14.162510292274053,9.930715540058308,307.7295624,20000
29,29,1,2,2.0,24.836869970845477,6.923932116100583,362.9687266,30000
29,29,1,2,2.0,17.387362105218656,6.923932116100583,301.6862558,20000
29,29,1,1,1.0,34.71014603571429,6.451982287529154,464.7132205,30000
29,30,2,8,4.0,14.517074449446064,4.613401449446064,426.6510079,20000
29,29,1,1,1.0,25.945989868804666,6.623205880932945,368.8212857,30000
29,30,2,4,2.0,21.177627644963557,5.856729262857143,293.8727222,30000
30,30,1,2,2.0,27.999226449708456,5.856729262857143,374.1651852,30000
30,30,1,1,1.0,34.736879755830905,4.976282615626822,461.9200107,30000
30,30,1,2,2.0,6.8557900032142856,5.481384539825073,475.776665,20000
30,114,85,841,9.894117647058824,34.80762399125364,23.7781382106414,182.6159443,30000
30,35,6,54,9.0,31.370233297376096,0.03638012301603572,250.4556703,40000
30,30,1,4,4.0,34.128325715014576,3.90342628909621,456.557983,30000
30,30,1,1,1.0,30.14247065889213,5.111302207463556,380.9682875,30000
30,32,3,11,3.6666666666666665,3.0212150837390674,1.5218815881309038,481.8967775,20000
30,31,2,5,2.5,11.994469460357143,2.7858600245189504,415.6605954,20000
30,30,1,1,1.0,32.704736154518955,3.0898892628571426,386.9662465,30000
30,45,16,143,8.9375,19.288313865313413,16.37964003043732,424.3770416,20000
31,31,1,1,1.0,30.977609142857148,3.2145006914285714,448.2165324,30000
31,31,1,2,2.0,33.207150035714285,2.7858600245189504,393.0395987,30000
31,31,1,1,1.0,8.403249376100584,2.9855203557142853,385.945939,20000
31,31,1,3,3.0,27.68208157725948,2.0055122459475223,442.3567051,30000
31,32,2,6,3.0,11.242633254344025,1.1810698621225217,408.8823468,20000
31,31,1,1,1.0,33.381772189504375,1.802323882915452,401.7557968,30000
32,33,2,14,7.0,18.734730199446062,0.440790440845481,382.4884099,30000
32,32,1,4,4.0,33.40912294533528,0.8737770435571429,410.5230953,30000
32,32,1,1,1.0,2.5109511544023326,1.1810698621225217,484.8391921,20000
32,33,2,6,3.0,20.363558580357143,0.6061369602125365,429.2299237,30000
32,116,85,840,9.882352941176471,7.2191800128571435,34.55834589577259,221.2159459,40000
32,33,2,3,1.5,1.5664228272,0.6576844152368077,485.4672909,20000
33,33,1,1,1.0,9.123789835830902,0.6576844152368077,403.2219821,20000
33,33,1,3,3.0,33.82082400072886,0.4955343992047376,419.7738883,30000
33,33,1,1,1.0,9.213429190932944,0.5292001877843294,402.1894451,20000
33,33,1,1,1.0,19.57460316490525,0.4955343992047376,424.1025707,30000
33,33,1,2,2.0,8.553553920728863,0.3631560292303936,400.6853039,20000
33,33,1,1,1.0,1.0685423822285713,0.440790440845481,485.8207023,20000
33,33,1,2,2.0,17.799830817055394,0.31558643936508746,421.4605814,30000
33,33,1,1,1.0,34.07455322521866,0.3913734140467201,423.8786531,30000
33,33,1,3,3.0,0.720426135925656,0.2917228900644315,485.9168397,20000
33,33,1,1,1.0,8.238756595014577,0.2917228900644315,399.2857877,20000
33,34,2,2,1.0,16.55484049472303,0.23950643581639944,418.5663293,20000
33,34,2,7,3.5,27.11956514285714,0.14048971609028862,432.9798701,30000
34,34,1,1,1.0,8.549459510932945,0.21494262395925656,397.8761579,20000
34,34,1,1,1.0,15.749616135575803,0.17070668550466472,415.8378353,20000
34,34,1,2,2.0,9.677308322915453,0.14048971609028862,396.1320263,20000
34,34,1,1,1.0,15.523958173476675,0.1293569587242099,413.5359553,20000
34,34,1,2,2.0,0.28363371200357146,0.1116302775079446,486.1019122,20000
34,34,1,2,2.0,15.379193711086003,0.09107426818889286,411.6433396,20000
34,34,1,1,1.0,24.650136508017496,0.10417016747784257,439.8931566,30000
34,34,1,1,1.0,0.23754785256741984,0.09107426818889286,486.1323682,20000
35,35,1,1,1.0,9.476116878017493,0.07435458553285787,392.6296404,20000
35,35,1,2,2.0,21.397149208629738,0.062017393961285715,443.9824359,30000
35,35,1,1,1.0,14.061423699774052,0.07019690254110786,409.0977671,20000
35,35,1,1,1.0,0.16517091982223034,0.07019690254110786,486.1511565,20000
35,36,2,7,3.5,7.099076899599125,0.029641106608399415,390.1645401,20000
35,35,1,1,1.0,13.088396976741983,0.05611839808165088,407.754427,20000
35,35,1,1,1.0,0.14028447442880757,0.05611839808165088,486.1609139,20000
35,35,1,1,1.0,19.97773385142857,0.049869202383,446.8346866,30000
35,35,1,1,1.0,0.11125273077183746,0.045035058922164,486.1685039,20000
35,35,1,3,3.0,17.592497242922743,0.0342705113695984,449.4592877,20000
36,116,81,805,9.938271604938272,5.4350714449052475,34.55834589577259,222.8087963,40000
36,36,1,2,2.0,16.134771517463555,0.024649350862393584,452.3169882,20000
36,36,1,2,2.0,7.244921287354227,0.021580415251720848,387.9667417,20000
36,36,1,6,6.0,24.230958087463556,0.014794263274776561,206.0484071,40000
36,36,1,5,5.0,0.03658114645728571,0.014794263274776561,486.1985051,20000
36,36,1,2,2.0,9.870950760415452,0.01773522743432143,401.6230642,20000
36,36,1,3,3.0,6.995339654701166,0.013109607552489863,386.3786141,20000
36,36,1,1,1.0,13.014108562565598,0.013109607552489863,456.9722088,20000
36,37,2,2,1.0,9.663303884110787,0.009699045429737608,398.8191068,20000
36,37,2,2,1.0,0.026463296840700437,0.010842820774090387,486.2036753,20000
36,37,2,4,2.0,20.551370951486877,0.009003569457754875,199.7882608,40000
37,37,1,2,2.0,11.366244028928572,0.009003569457754875,459.1551557,20000
37,37,1,1,1.0,8.997193312682217,0.009003569457754875,384.2412997,20000
37,37,1,1,1.0,10.121973525721575,0.00771207570175,397.2424794,20000
37,37,1,5,5.0,0.013211454280391903,1.2221189200793732,486.2367049,20000
37,37,1,2,2.0,10.763393021137027,0.40233687343214286,383.2767816,20000
37,41,5,45,9.0,1.490663551387828,20.065550449446064,191.1400283,40000
37,37,1,1,1.0,11.00953586414723,0.807300783053134,395.5099304,20000
37,37,1,3,3.0,12.665984306588921,1.9582086780247812,382.5229794,20000
37,37,1,1,1.0,9.081051054927114,1.571123758530685,462.6601355,20000
37,37,1,1,1.0,0.010526281884031843,1.9582086780247812,486.1921514,20000
38,38,1,2,2.0,9.494704849008745,2.7645219044023324,393.1796202,20000
38,38,1,4,4.0,7.300801462857143,3.625966586946064,464.0000766,20000
38,38,1,3,3.0,15.19697433691691,3.933356242631195,382.6473361,20000
38,38,1,4,4.0,2.3223058630393587,5.317568580357142,485.1420601,20000
38,38,1,3,3.0,6.489119986596211,4.9811501678207,391.6228235,20000
38,38,1,1,1.0,6.451392869504373,4.6524530794460635,464.9560836,20000
38,38,1,2,2.0,18.00360112329446,5.746168579657434,384.0526044,20000
39,39,1,2,2.0,7.877995072769679,6.504367415626822,391.2898999,20000
39,39,1,1,1.0,5.351862240007288,6.161397420437318,464.9824686,20000
39,39,1,1,1.0,3.4352631488046645,6.504367415626822,483.0840698,20000
39,39,1,1,1.0,19.96463585021137,6.859397422857143,385.4756119,20000
39,39,1,4,4.0,4.953285000116618,9.030786360357142,464.1471773,20000
39,39,1,2,2.0,6.602541004088921,10.16658658297376,477.5527594,20000
40,40,1,5,5.0,5.774277060357143,13.09615582393586,462.3117033,20000
40,40,1,1,1.0,7.945064543702624,11.982580766946064,473.0419975,20000
40,41,2,5,2.5,11.681296663447522,16.693899772857144,465.7613817,20000
40,40,1,1,1.0,6.461556965714285,13.811146677580176,460.8150846,20000
41,41,1,2,2.0,8.035050103214285,17.384467408170554,458.9681129,20000
41,41,1,1,1.0,12.67293253388484,17.958054241428574,458.7464716,20000
41,41,1,3,3.0,8.770790637616617,19.224740195947525,457.3889378,20000
41,41,1,2,2.0,15.057536493177842,20.065550449446064,451.5756992,20000
42,42,1,3,3.0,6.056152349854227,22.274700465313412,454.6354047,20000
42,43,2,13,6.5,0.44048353757733233,28.497576411078718,207.0136999,40000
42,42,1,1,1.0,16.65549891921283,21.78232108222303,445.4797461,20000
42,116,75,742,9.893333333333333,34.612077332361515,34.55834589577259,378.9462084,20000
42,42,1,3,3.0,19.56354677061953,24.536882285714285,439.1828125,20000
42,42,1,2,2.0,4.32418718005831,25.091528589650146,450.5310791,30000
43,43,1,2,2.0,3.37297762659621,27.237581658892132,447.3799238,30000
43,43,1,2,2.0,22.83681124271137,28.497576411078718,424.2172059,20000
43,43,1,1,1.0,2.649253732507289,29.036032251457723,443.7934979,30000
43,44,2,8,4.0,29.444045189504372,23.330355440233234,408.4444607,20000
43,46,4,29,7.25,1.981635843739067,8.26933368892857,229.6963476,20000
43,43,1,1,1.0,2.284360593943149,30.515820035714285,441.5599008,30000
44,44,1,3,3.0,0.8872933427639214,20.869487404110785,432.6196601,30000
44,44,1,2,2.0,32.58604453644314,18.855586399599126,390.2278535,20000
44,44,1,1,1.0,0.6685527544399417,18.12648286285714,429.287697,30000
45,45,1,4,4.0,34.679553297376096,14.936921501639942,381.5594588,30000
45,45,1,1,1.0,0.39551921634292997,14.2528961678207,425.6928534,20000
45,45,1,1,1.0,34.877017528425654,13.567497188928572,374.2490807,30000
45,45,1,2,2.0,0.28860283997784253,12.252922352252186,424.1459888,20000
45,45,1,2,2.0,34.472025715014574,10.75297225802478,367.3262683,30000
46,46,1,3,3.0,0.17143917144497084,9.269463337871722,421.7687959,20000
46,46,1,2,2.0,34.790020419825076,8.26933368892857,357.9635769,30000
46,46,1,1,1.0,0.12265006868012827,7.547105708753644,420.0323893,20000
46,46,1,1,1.0,34.772772455539354,7.188582402514577,353.494025,30000
46,47,2,10,5.0,5.338748081639941,3.5203737161005826,239.8167583,20000
46,46,1,3,3.0,0.08223596255347594,5.83322536516035,418.949106,20000
47,47,1,5,5.0,34.65283763556852,3.7830110327186586,342.3328786,30000
47,47,1,1,1.0,0.06094891308143513,4.747359159212828,417.7794237,20000
47,47,1,2,2.0,0.032998749080939506,2.973176295925656,416.6188233,20000
47,48,2,2,1.0,34.590299696793004,2.5149405968002916,331.4217059,40000
47,48,2,4,2.0,8.077660898221575,1.9549338221574344,238.7566869,20000
48,48,1,4,4.0,0.016060747248000003,1.7151773889868807,415.8250271,20000
48,48,1,3,3.0,34.68904641472303,1.269185719277624,320.2092318,40000
48,48,1,2,2.0,9.572457403214285,1.4010647290321427,236.8187198,20000
48,48,1,1,1.0,0.010618625071080358,1.1373177290740526,415.3200247,20000
49,49,1,1,1.0,34.81642714358601,1.0729650581283527,315.8358437,40000
49,49,1,5,5.0,12.612145259504373,0.7282294116571428,234.0731487,30000
49,49,1,2,2.0,0.007818013957017207,0.8527092267291545,415.1651292,20000
49,49,1,2,2.0,34.6623277616618,0.7282294116571428,310.8298591,40000
49,49,1,1,1.0,0.005839869346508754,0.6429180307231049,415.0095105,20000
49,49,1,3,3.0,34.705574005830904,0.4826016184209913,305.8575537,40000
49,49,1,3,3.0,14.46030829680029,0.4826016184209913,231.0012895,30000
49,50,2,4,2.0,0.002495451693312682,0.28456845627004373,414.8527164,20000
50,50,1,1,1.0,34.87243651603498,0.3087502371884111,298.8190898,40000
50,50,1,1,1.0,16.59135169472303,0.3087502371884111,227.3333293,30000
50,50,1,1,1.0,34.80938454883382,0.2597856798140671,296.0184402,40000
50,50,1,1,1.0,17.659501602361516,0.2597856798140671,225.7128872,30000
50,50,1,5,5.0,0.0013815618251457728,0.1506446527034519,414.7534077,20000
50,77,28,267,9.535714285714286,5.505000981698251e-06,2.1300000000000147e-13,209.4266831,20000
50,54,5,39,7.8,20.21816556857872,0.0028455672533379663,199.7650936,40000
51,51,1,7,7.0,0.0005460096571428571,0.06172372382768513,414.6970848,20000
52,52,1,1,1.0,0.0004485065161078717,0.04944905713553644,414.6756486,20000
52,52,1,1,1.0,0.00032400340058309036,0.03711987807183746,414.6652405,20000
52,52,1,2,2.0,0.00017700101486880466,0.01990747141556924,414.6593132,20000
53,53,1,4,4.0,9.345028289285714e-05,0.010601693444113476,414.6541995,20000
53,54,2,3,1.5,5.850011086005831e-05,0.006396769966528928,414.6537475,20000
54,93,40,398,9.95,10.068989605714286,0.38605585225218664,492.0649517,20000
54,54,1,1,1.0,3.7800046285714286e-05,0.0040984539866008455,414.6440627,20000
54,54,1,1,1.0,2.4750019843294463e-05,0.0028455672533379663,414.6440627,20000
55,55,1,3,3.0,17.294949600357143,0.0016746308352514284,174.4696783,40000
55,55,1,1,1.0,1.5150007435131194e-05,0.0016746308352514284,414.6440627,20000
55,67,13,121,9.307692307692308,0.002089281383412362,5.6400000010304375e-09,154.6761132,20000
55,103,49,483,9.857142857142858,8.816601935925656,1.3365005786304663e-05,379.2104423,20000
55,55,1,3,3.0,9.030002641428571e-06,0.0009840313655976676,414.6440627,20000
56,56,1,1,1.0,7.470001807609329e-06,0.0008265221283527697,414.6440627,20000
56,56,1,1,1.0,4.320000604548105e-06,0.0004725072321428572,414.643701,20000
56,57,2,4,2.0,2.6700002309329446e-06,0.0002970028574344023,414.643701,20000
57,57,1,2,2.0,1.92000011941691e-06,0.00021000142857142856,414.643701,20000
57,57,1,1,1.0,1.6050000834475217e-06,0.00017700101486880466,414.643701,20000
57,58,2,5,2.5,6.825000150892857e-07,7.80001970845481e-05,414.643701,20000
58,58,1,1,1.0,34.58924608236151,6.360013103206997e-05,418.8524594,30000
58,58,1,1,1.0,3.735000045190233e-07,4.170005632944607e-05,414.643701,20000
59,59,1,9,9.0,34.763621895772594,1.680000914285714e-05,411.8019161,30000
59,59,1,5,5.0,1.3395000058123105e-07,1.4625006928753644e-05,414.643701,20000
60,65,6,51,8.5,13.738178852252187,7.3500000175e-08,370.4927255,20000
60,60,1,2,2.0,6.615000014174999e-08,7.320001735743439e-06,414.643701,20000
61,61,1,3,3.0,2.6700000023093295e-08,2.925000277150146e-06,414.643701,20000
61,61,1,1,1.0,1.8750000011388483e-08,2.0700001388046643e-06,414.643701,20000
62,62,1,4,4.0,8.520000002351487e-09,9.195000273884111e-07,414.643701,20000
63,63,1,1,1.0,5.430000000955131e-09,6.150000122521867e-07,414.643701,20000
63,63,1,6,6.0,2.2500000001639942e-09,2.4600000196034987e-07,414.643701,20000
64,64,1,3,3.0,1.320000000056443e-09,1.515000007435131e-07,414.643701,20000
64,64,1,1,1.0,1.0695000000370532e-09,1.1790000045028863e-07,414.643701,20000
65,65,1,1,1.0,4.665000000070496e-10,5.190000008725656e-08,414.643701,20000
65,65,1,4,4.0,2.790000000025216e-10,3.180000003275802e-08,414.643701,20000
66,66,1,3,3.0,1.935000000012129e-10,2.1000000014285713e-08,414.643701,20000
66,66,1,1,1.0,1.5600000000078833e-10,1.725000000963921e-08,414.643701,20000
66,73,8,69,8.625,34.419785250728864,1.1835000000004537e-11,413.7014916,30000
66,66,1,1,1.0,1.1085000000039804e-10,1.222500000484129e-08,414.643701,20000
67,67,1,2,2.0,7.485000000018148e-11,8.160000002156968e-09,414.643701,20000
67,98,32,319,9.96875,34.62437363338192,0.001842784991938958,406.1695418,30000
67,67,1,1,1.0,4.860000000007651e-11,5.6400000010304375e-09,414.643701,20000
67,68,2,10,5.0,0.0007095163067784257,1.7850000001032143e-09,151.4778205,20000
68,68,1,3,3.0,2.4300000000019128e-11,2.700000000236152e-09,414.643701,20000
68,68,1,1,1.0,1.665000000000898e-11,1.7850000001032143e-09,414.643701,20000
68,68,1,1,1.0,1.2870000000005365e-11,1.4160000000649517e-09,414.643701,20000
68,72,5,41,8.2,1.2750005266034985e-05,2.3700000000018194e-11,151.4778205,20000
69,69,1,1,1.0,5.77500000000108e-12,6.495000000136653e-10,414.643701,20000
69,69,1,1,1.0,14.158469405976676,5.220000000088268e-10,329.5048035,30000
70,70,1,2,2.0,3.765000000000459e-12,4.1400000000555216e-10,414.643701,20000
70,70,1,3,3.0,2.130000000000147e-12,2.2950000000170617e-10,414.643701,20000
71,71,1,1,1.0,1.3740000000000612e-12,1.492500000007216e-10,414.643701,20000
71,71,1,6,6.0,6.210000000000125e-13,6.555000000013918e-11,414.643701,20000
71,101,31,297,9.580645161290322,34.832627324344024,0.00020850140823615158,411.240392,30000
71,71,1,1,1.0,22.24741320142857,1.1040000000039482e-10,342.4651005,30000
72,105,34,336,9.882352941176471,14.481113280182216,5.093921857500001,380.5133065,20000
72,72,1,1,1.0,4.755000000000074e-13,5.505000000009817e-11,414.643701,20000
72,72,1,2,2.0,3.2250000000000337e-13,3.585000000004163e-11,414.643701,20000
72,72,1,1,1.0,2.340000000000018e-13,2.6550000000022836e-11,414.643701,20000
73,73,1,1,1.0,1.7550000000000102e-13,1.935000000001213e-11,414.643701,20000
73,77,5,45,9.0,1.461000006914548e-07,2.1300000000000147e-13,151.4778205,20000
73,73,1,4,4.0,8.955000000000027e-14,8.550000000002369e-12,414.643701,20000
74,74,1,2,2.0,9.165000000000027e-14,5.250000000000892e-12,414.643701,20000
74,116,43,418,9.720930232558139,9.614535071749271,34.50043847230321,393.7644681,30000
74,74,1,1,1.0,9.030000000000027e-14,4.0500000000005314e-12,414.643701,20000
74,74,1,1,1.0,8.865000000000025e-14,3.420000000000379e-12,414.643701,20000
75,75,1,2,2.0,9.015000000000026e-14,2.400000000000187e-12,414.643701,20000
75,75,1,4,4.0,8.820000000000025e-14,1.435500000000067e-12,414.643701,20000
76,76,1,1,1.0,9.045000000000027e-14,1.0035000000000326e-12,414.643701,20000
76,77,2,3,1.5,9.090000000000026e-14,3.375000000000037e-13,414.643701,20000
77,77,1,1,1.0,9.090000000000026e-14,2.355000000000018e-13,414.643701,20000
77,77,1,2,2.0,9.075000000000026e-14,1.6950000000000092e-13,414.643701,20000
77,116,40,386,9.65,13.659817297966473,34.50043847230321,395.1980862,30000
77,81,5,34,6.8,4.485000000651611e-09,9.225000000000029e-14,151.4778205,20000
77,94,18,164,9.11111111111111,3.2018825089285716,0.24820874858374636,187.1798515,20000
78,78,1,2,2.0,9.135000000000026e-14,9.180000000000028e-14,414.643701,20000
78,78,1,1,1.0,8.895000000000024e-14,8.880000000000026e-14,414.643701,20000
78,78,1,1,1.0,8.895000000000024e-14,9.120000000000027e-14,414.643701,20000
78,78,1,1,1.0,9.195000000000028e-14,9.225000000000029e-14,414.643701,20000
79,79,1,1,1.0,8.940000000000027e-14,8.985000000000027e-14,414.643701,20000
79,79,1,1,1.0,9.000000000000026e-14,9.195000000000028e-14,414.643701,20000
79,79,1,2,2.0,8.925000000000025e-14,8.850000000000025e-14,414.643701,20000
80,116,37,357,9.64864864864865,19.242568036180757,34.50043847230321,397.3238083,20000
81,81,1,4,4.0,9.135000000000026e-14,8.895000000000024e-14,414.643701,20000
81,85,5,44,8.8,5.040000000008229e-11,8.985000000000027e-14,151.4778205,20000
81,81,1,1,1.0,8.805000000000027e-14,9.195000000000028e-14,414.643701,20000
82,82,1,1,1.0,9.165000000000027e-14,8.985000000000027e-14,414.643701,20000
82,82,1,1,1.0,9.165000000000027e-14,8.805000000000027e-14,414.643701,20000
82,82,1,2,2.0,9.135000000000026e-14,9.000000000000026e-14,414.643701,20000
82,83,2,3,1.5,9.000000000000026e-14,8.820000000000025e-14,414.643701,20000
83,83,1,1,1.0,9.075000000000026e-14,9.030000000000027e-14,414.643701,20000
83,83,1,1,1.0,9.210000000000027e-14,8.880000000000026e-14,414.643701,20000
83,84,2,3,1.5,25.896509842565596,8.865000000000025e-14,508.9679671,30000
84,84,1,1,1.0,9.120000000000027e-14,8.820000000000025e-14,414.643701,20000
84,84,1,4,4.0,22.127237196034987,8.850000000000025e-14,504.1340571,30000
84,84,1,1,1.0,9.045000000000027e-14,8.865000000000025e-14,414.643701,20000
84,84,1,4,4.0,8.985000000000027e-14,8.955000000000027e-14,414.643701,20000
84,86,3,19,6.333333333333333,10.538483106129739,9.000000000000026e-14,493.5235385,20000
85,85,1,2,2.0,8.955000000000027e-14,8.985000000000027e-14,414.643701,20000
85,85,1,4,4.0,9.120000000000027e-14,8.985000000000027e-14,414.643701,20000
85,85,1,1,1.0,4.215000000005755e-11,8.910000000000026e-14,151.4778205,20000
85,94,10,83,8.3,10.983678450029153,0.24820874858374636,151.0074717,30000
86,86,1,1,1.0,9.165000000000027e-14,9.225000000000029e-14,414.643701,20000
86,86,1,1,1.0,8.850000000000025e-14,9.060000000000027e-14,414.643701,20000
86,86,1,2,2.0,9.030000000000027e-14,8.985000000000027e-14,414.643701,20000
86,88,3,15,5.0,4.410192455539359,9.045000000000027e-14,483.5692381,20000
86,116,31,294,9.483870967741936,13.528579229416911,34.50043847230321,406.9482011,30000
86,86,1,1,1.0,9.045000000000027e-14,8.955000000000027e-14,414.643701,20000
87,87,1,1,1.0,9.180000000000028e-14,8.865000000000025e-14,414.643701,20000
87,87,1,2,2.0,8.895000000000024e-14,8.925000000000025e-14,414.643701,20000
88,88,1,2,2.0,9.225000000000029e-14,9.135000000000026e-14,414.643701,20000
88,90,3,18,6.0,1.0796612143470117,9.240000000000027e-14,479.396769,20000
88,88,1,1,1.0,8.790000000000025e-14,8.865000000000025e-14,414.643701,20000
88,88,1,1,1.0,9.225000000000029e-14,9.240000000000027e-14,414.643701,20000
89,89,1,3,3.0,8.835000000000025e-14,9.210000000000027e-14,414.643701,20000
89,89,1,3,3.0,8.940000000000027e-14,9.225000000000029e-14,414.643701,20000
90,90,1,2,2.0,9.150000000000028e-14,9.060000000000027e-14,414.643701,20000
90,100,11,106,9.636363636363637,28.291212026239066,0.0002595021814139942,462.6780328,30000
90,90,1,1,1.0,9.150000000000028e-14,8.955000000000027e-14,414.643701,20000
90,91,2,7,3.5,2.295019032427114,2.5173760932944607,414.5914425,20000
91,91,1,1,1.0,3.7797336014285716,3.0477903872011662,414.5854361,20000
92,92,1,1,1.0,6.786305665568514,1.3454980071750002,416.5699001,20000
93,93,1,1,1.0,10.094731088075802,0.6593017929142857,420.0403442,20000
93,93,1,1,1.0,10.912039249861516,0.5345412358618805,421.1409819,20000
93,94,2,6,3.0,15.069133616355685,0.20152924483739065,424.8468791,20000
93,95,3,15,5.0,34.731602696793004,0.07156243036758309,235.6254915,40000
94,97,4,28,7.0,4.8776519535349845,0.012662564800514758,178.9184746,20000
94,94,1,3,3.0,13.208043603527695,0.1627440440889213,142.9836089,30000
94,95,2,5,2.5,18.9595918880758,0.08962631616228571,431.9377093,30000
94,105,12,106,8.833333333333334,29.065826460641397,3.685037131494169,98.4325251,40000
95,96,2,15,7.5,34.64510572594752,0.015972906237435133,235.5519169,40000
95,95,1,3,3.0,21.80845692419825,0.05274973042008455,437.4099919,30000
95,116,22,208,9.454545454545455,12.202812927120991,34.50043847230321,389.6478767,30000
95,95,1,2,2.0,23.7027302303207,0.039131378293087465,440.9324717,30000
96,96,1,2,2.0,25.18809440889213,0.02865795513657143,444.1473073,30000
96,96,1,1,1.0,26.510359778425652,0.024274508207149416,446.9466211,30000
96,96,1,3,3.0,29.27406712026239,0.014344964766448755,451.6896855,30000
97,97,1,1,1.0,30.424728571428574,0.011762018125910321,455.4081039,30000
97,99,3,24,8.0,2.449894326304664,0.0010005324263119531,171.5765914,20000
97,97,1,2,2.0,32.12870014285714,0.008546589877902513,458.6261663,30000
97,97,1,2,2.0,34.44537552842566,0.006267056786902048,462.6587521,30000
97,98,2,4,2.0,34.890057142857145,0.003792495807953382,468.1912394,30000
98,98,1,2,2.0,33.51445628644315,0.0027347422251457728,473.7129582,30000
98,98,1,2,2.0,31.83306342930029,0.002208337954613294,345.0384607,30000
98,98,1,2,2.0,19.76245170822886,0.002208337954613294,174.1927112,40000
98,98,1,2,2.0,29.141839941690964,0.001842784991938958,478.8564042,30000
99,99,1,1,1.0,26.712831148688046,0.0014595690035714287,481.7858488,30000
99,99,1,1,1.0,31.884694904518952,0.0013350577332361514,352.2029306,30000
99,99,1,1,1.0,17.41258278603499,0.0013350577332361514,178.9673725,40000
99,99,1,1,1.0,24.979974064139938,0.001236049488046647,483.9942869,30000
99,99,1,1,1.0,32.30271645481049,0.0010005324263119531,356.1470145,30000
99,99,1,1,1.0,16.405012451086005,0.0010005324263119531,181.3886426,30000
99,99,1,1,1.0,21.94263253516035,0.0008910257169096211,487.0520671,30000
99,107,9,78,8.666666666666666,25.781718822886297,12.924715893177842,160.7404526,30000
99,99,1,1,1.0,32.57301967638483,0.0008070210965014578,358.7829887,30000
99,99,1,1,1.0,15.728773882682216,0.0008070210965014578,182.9225043,30000
100,100,1,1,1.0,18.56848017379009,0.0005895112572157434,490.7003673,20000
100,100,1,2,2.0,34.79318879373178,0.0003825047394314869,367.6850835,40000
100,100,1,2,2.0,13.48300863,0.0003825047394314869,187.5896702,30000
100,100,1,1,1.0,13.683965155714287,0.00031650324497084546,495.2583216,20000
100,100,1,1,1.0,11.645735762106414,0.000235501796574344,497.1465499,20000
101,101,1,1,1.0,29.234669510932942,0.00020850140823615158,416.0614147,30000
101,101,1,1,1.0,10.48105990962099,0.00019200119416909621,498.2837947,20000
101,102,2,10,5.0,30.175701271137026,6.690014498250728e-05,408.0698678,30000
101,101,1,1,1.0,8.692217360357143,0.0001405506399190962,499.7753515,20000
101,101,1,1,1.0,7.8185600606705545,0.0001164004389037901,500.6652603,20000
102,102,1,2,2.0,6.956077105568513,6.075011955174927e-05,502.7195168,20000
102,102,1,4,4.0,30.321423104956267,4.215005755174926e-05,398.0856913,30000
102,102,1,1,1.0,6.565724598279883,5.190008725655977e-05,503.7011444,20000
102,102,1,1,1.0,34.45975155685131,4.215005755174926e-05,398.7972632,30000
102,102,1,1,1.0,11.83539683618076,4.215005755174926e-05,201.7746137,30000
102,103,2,5,2.5,7.3936417994460655,2.5050020327259474e-05,505.4735666,20000
102,108,7,52,7.428571428571429,12.706276104956268,13.073966906129739,363.0670362,20000
102,103,2,2,1.0,34.613131231049564,2.700002361516035e-05,403.6315718,30000
102,103,2,2,1.0,10.291822459249271,2.700002361516035e-05,203.762073,30000
103,103,1,1,1.0,8.504802965626823,1.9650012508017493e-05,507.0529676,20000
103,103,1,1,1.0,34.74637928862974,1.9650012508017493e-05,408.4648118,30000
103,103,1,1,1.0,9.347776692427114,1.9650012508017493e-05,205.5678852,30000
103,103,1,1,1.0,10.845376026851312,1.3365005786304663e-05,508.1595098,20000
103,103,1,2,2.0,34.69537575,1.1730004457172012e-05,414.6788525,30000
103,104,2,3,1.5,9.651712836916909,9.690003041661809e-06,208.1083291,30000
103,103,1,1,1.0,11.660564685488337,1.0695003705313412e-05,507.4368609,20000
104,104,1,1,1.0,33.90543068513119,9.690003041661809e-06,418.1101221,30000
104,104,1,1,1.0,12.655430143039357,9.09000267664723e-06,506.3430078,20000
104,104,1,1,1.0,30.609360035714282,7.260001707405248e-06,421.9884934,30000
104,104,1,1,1.0,10.340455922565596,7.260001707405248e-06,210.552566,30000
104,104,1,1,1.0,14.157383481406704,0.3949348032088192,504.272966,20000
104,104,1,1,1.0,15.075990192886296,1.2143520918385566,502.77451,20000
105,105,1,1,1.0,16.924081959212828,2.7882050420991256,499.8355228,20000
105,107,3,21,7.0,17.84982374696793,12.924715893177842,37.61269916,40000
105,105,1,2,2.0,20.486699518629734,5.371409077813411,495.4010853,20000
105,105,1,1,1.0,16.051697895925656,5.804301012507289,434.9958501,20000
105,105,1,1,1.0,7.085300382973761,5.804301012507289,220.5121048,20000
105,105,1,1,1.0,21.6238479183965,6.216225918549562,493.9015164,20000
106,106,1,5,5.0,25.692087174927114,9.484849734139942,490.9789701,20000
106,106,1,2,2.0,9.36221132373178,10.302410300473761,436.4954735,20000
106,106,1,2,2.0,10.64744532368076,10.302410300473761,229.20387,20000
107,107,1,1,1.0,28.340802426384837,10.97949902834548,487.3811714,20000
107,107,1,1,1.0,7.366724300473761,11.952108412310494,435.8776171,20000
107,107,1,1,1.0,12.568274103680759,11.952108412310494,234.5945887,20000
107,109,3,21,7.0,34.85728569169096,10.75582665142857,478.1814324,30000
107,107,1,4,4.0,28.796481760932945,13.28631584618076,144.1629305,40000
107,107,1,4,4.0,16.472604725947523,13.28631584618076,17.22577297,40000
107,107,1,1,1.0,6.520662086180758,14.148596060357143,434.6229825,20000
107,107,1,1,1.0,14.143950551202623,14.148596060357143,240.033958,20000
108,108,1,8,8.0,34.7752362361516,11.347637907988338,139.8496891,40000
108,116,9,88,9.777777777777779,30.009693982507287,34.666545936588925,34.52354964,40000
108,109,2,13,6.5,10.705385151610786,10.75582665142857,320.6273435,20000
108,108,1,2,2.0,6.418973456443149,12.31710979755831,432.5581256,20000
108,108,1,1,1.0,16.673148891078714,12.704714422857142,248.5714622,20000
108,108,1,1,1.0,17.827249920007286,12.31710979755831,251.4997421,20000
109,116,8,75,9.375,22.731246997813415,34.55834589577259,135.9461729,30000
109,109,1,2,2.0,34.686585134110786,10.580056578892126,467.2316697,30000
109,109,1,2,2.0,9.818047273476676,10.580056578892126,309.8902473,20000
109,109,1,1,1.0,13.044383688637026,10.654920035714287,425.2370628,20000
109,109,1,1,1.0,25.570480513119534,10.654920035714287,271.8565786,30000
110,110,1,1,1.0,34.67885014577259,10.415816785896503,464.3102972,30000
110,110,1,6,6.0,8.546432592427115,10.645200892857142,303.5561702,20000
110,114,5,48,9.6,34.54992053134111,26.842535720845483,495.2200307,20000
110,110,1,4,4.0,34.694320827988335,10.645200892857142,461.4257146,30000
110,110,1,2,2.0,16.807385143214287,10.621238001428571,415.5451029,20000
110,110,1,2,2.0,30.60768867638484,10.621238001428571,284.9572004,30000
110,110,1,2,2.0,34.63104951603498,11.198552012711371,458.204598,30000
110,111,2,3,1.5,8.773070922514577,11.456857161078716,297.7820383,20000
111,111,1,2,2.0,19.667062358600585,11.650773157150144,406.9170082,20000
111,111,1,2,2.0,34.81466644023324,11.650773157150144,296.3902032,30000
111,111,1,1,1.0,20.599966227405247,11.909960379037901,403.0520689,20000
111,111,1,1,1.0,34.78333201822157,11.909960379037901,301.3954703,30000
111,111,1,1,1.0,34.7875562106414,12.10362427174927,453.9548309,30000
111,116,6,49,8.166666666666666,15.916083766793003,34.50043847230321,260.9622129,30000
112,112,1,1,1.0,25.444742285714284,14.285632656588922,389.4441348,20000
112,112,1,1,1.0,34.764677679300284,14.285632656588922,317.8554118,30000
113,116,4,30,7.5,34.56115453717201,34.55834589577259,304.9864756,20000
113,114,2,3,1.5,34.665491373177844,22.30815390379009,351.7748902,20000
113,113,1,1,1.0,22.386906577259477,20.650414994351312,351.004229,20000
113,114,2,2,1.0,19.624921101341112,22.30815390379009,355.8494941,20000
114,114,1,1,1.0,34.61418514285714,25.071737755830902,333.9336072,20000
114,114,1,1,1.0,14.678429407609329,25.071737755830902,368.0036,20000
115,116,2,8,4.0,6.924696571428571,34.55834589577259,387.0914363,30000
116,116,1,3,3.0,48.91751093950437,34.67849857215744,300.0511624,30000
118,119,2,15,7.5,34.50640285787172,34.491668082361514,477.4967807,20000
118,119,2,5,2.5,34.471675000000005,34.806215571428574,474.3429462,20000
118,119,2,9,4.5,34.8593995983965,34.59521673760933,54.00786726,20000
122,122,1,6,6.0,34.83474061880466,34.50394688338193,94.52548309,20000
123,124,2,6,3.0,34.68763995991254,34.873493650874636,409.0496072,20000
131,148,18,172,9.555555555555555,34.60540294533528,0.00028950271494169094,422.8163517,30000
131,150,20,185,9.25,16.316465917499997,7.920020319533527e-05,439.0076543,20000
131,154,24,226,9.416666666666666,16.354545876392127,1.1310000414370263e-06,436.1860727,20000
131,139,9,75,8.333333333333334,13.604530908345481,4.695465963330904,339.7452947,20000
132,173,42,413,9.833333333333334,3.855000000000048e-13,34.708739231049556,390.3522295,30000
137,144,8,72,9.0,12.635012065371722,0.02495433975800583,503.2529503,20000
138,164,27,260,9.62962962962963,1.1055000000003957e-11,13.798847367354227,233.8675364,30000
138,142,5,35,7.0,6.678917721545189,0.21196984597201166,508.6728132,20000
162,184,23,220,9.565217391304348,14.549828738221574,20.477151411086005,388.0859624,20000
172,183,12,115,9.583333333333334,10.296818065896503,18.621991166443145,326.039881,20000
195,213,19,182,9.578947368421053,34.508858903790085,34.79318879373178,106.7862502,20000
195,213,19,175,9.210526315789474,3.840000004776676e-08,34.79318879373178,130.4733545,40000
197,213,17,158,9.294117647058824,9.060000265900874e-07,34.79318879373178,136.3394765,40000
