87,186,100,991,9.91,31.882995965014576,22.56551716909621,93.66536372,30000
87,168,82,806,9.829268292682928,34.854114930029155,4.200005714285714e-05,208.8144634,30000
87,94,8,65,8.125,34.59205575,31.196911148688045,226.1084726,20000
87,93,7,57,8.142857142857142,34.82030081924198,27.028160035714283,282.3982504,20000
87,118,32,312,9.75,34.871731766763844,6.510013728571429e-05,88.38642711,40000
87,172,86,845,9.825581395348838,34.50815716909621,7.69500019181414e-07,199.4650027,30000
87,113,27,260,9.62962962962963,34.46816793002915,0.013435777667771435,206.3746234,30000
87,186,100,991,9.91,34.60189032142857,22.56551716909621,261.9233493,20000
87,93,7,60,8.571428571428571,34.44186955174927,28.374854798833816,327.229323,20000
87,106,20,187,9.35,34.75447232142857,10.606858531078718,322.7112691,20000
87,170,84,830,9.880952380952381,34.75376854883382,3.4800003923032067e-06,200.218947,30000
87,143,57,562,9.859649122807017,34.706629067784256,9.353955841661808,267.0042548,30000
87,143,57,562,9.859649122807017,1.7550000000000102e-13,9.353955841661808,94.13138987,30000
87,162,76,745,9.802631578947368,34.14264759475219,0.02213980582000656,175.2693997,40000
87,127,41,396,9.658536585365853,9.193594860357145,1.1805000004514352e-08,235.9287989,20000
87,138,52,509,9.788461538461538,34.50394688338193,1.7100000000000094e-13,277.7119965,30000
87,158,72,710,9.86111111111111,34.13461306778426,0.7870374217154518,153.0794945,40000
87,100,14,127,9.071428571428571,34.82663994169096,34.612077332361515,366.4857241,20000
87,186,100,990,9.9,7.547886262857143,23.614112892857143,176.7613729,30000
87,137,51,497,9.745098039215685,34.480794064139936,4.335000000000061e-13,134.0701756,40000
87,115,29,283,9.758620689655173,9.338030633702623,0.0012420499696793002,184.0676069,20000
87,162,76,749,9.855263157894736,2.1150000000000145e-13,0.014831664116762453,79.5692593,20000
87,138,52,510,9.807692307692308,34.51517477842565,1.7100000000000094e-13,285.6399475,30000
87,150,64,628,9.8125,18.333121520998546,34.515525674198244,214.8270038,30000
87,105,19,177,9.31578947368421,34.579764142857144,17.798330694059764,475.9599306,20000
87,143,57,558,9.789473684210526,4.915104329912537,7.112610302303207,118.0429767,20000
87,145,59,579,9.813559322033898,19.706153912018948,21.293028083272596,128.1272507,20000
87,128,42,412,9.80952380952381,34.60996957434403,2.3550000001796573e-09,307.730628,30000
87,121,35,336,9.6,34.51482388411078,5.640001030437318e-06,349.5631502,30000
87,157,71,699,9.845070422535212,34.776644142857144,2.201337949861516,149.9067556,40000
87,136,50,490,9.8,0.00147007,6.375000000000132e-13,119.0455622,20000
87,89,3,18,6.0,34.610320863702626,6.671993919650146,301.609818,30000
87,173,87,859,9.873563218390805,34.55413310860058,1.8150000106712832e-07,195.7049357,30000
87,136,50,489,9.78,34.70205722740525,8.640000000000241e-13,207.7847059,30000
88,100,13,123,9.461538461538462,34.588894880466476,34.62894128571429,366.2325327,20000
88,159,72,703,9.76388888888889,1.5600000000078833e-10,0.3479616632572158,147.0878069,20000
89,186,98,970,9.89795918367347,1.5300007583090378e-05,23.614112892857143,123.851749,30000
90,110,21,198,9.428571428571429,28.544707435131194,0.3728225634612974,446.0497691,20000
91,147,57,559,9.807017543859649,3.315672592682215,28.313572099854227,294.0230811,30000
91,150,60,595,9.916666666666666,27.695896956997082,34.52535134766764,142.933887,20000
93,148,56,546,9.75,34.63245503206997,34.768197052478136,280.5912081,20000
96,173,78,763,9.782051282051283,34.8964014606414,2.4900000200845484e-07,225.4916885,30000
96,98,3,12,4.0,34.865389285714286,34.85376263046648,500.6966143,20000
99,164,66,655,9.924242424242424,34.83192290451895,0.0011445424321428572,214.1618577,30000
100,114,15,143,9.533333333333333,23.2527813090379,0.005802670324926997,477.4905545,20000
102,186,85,846,9.952941176470588,28.97386347594752,22.56551716909621,71.65973433,30000
103,106,4,27,6.75,9.954109613884839,10.606858531078718,172.5280796,20000
103,175,73,714,9.780821917808218,34.55623947594752,3.525000004025146e-08,210.0698217,30000
104,112,9,83,9.222222222222221,34.46220624562682,0.0280024553004344,460.6592212,20000
104,123,20,189,9.45,12.304351047004372,4.860000076513119e-07,250.776112,20000
107,142,36,351,9.75,34.86891282798834,6.465460947055393,313.7276897,30000
107,152,46,456,9.91304347826087,34.51763107944606,31.236667,274.2733293,20000
107,116,10,91,9.1,34.65846128571429,0.0005565100321428571,273.748431,30000
108,149,42,411,9.785714285714286,34.55553734766764,34.680608035714286,386.1810377,20000
108,186,79,781,9.886075949367088,7.590018661516035e-05,22.56551716909621,122.5681377,30000
109,109,1,1,1.0,34.479391067055396,1.3045717818898688,509.9036305,20000
109,173,65,640,9.846153846153847,34.755176099854225,2.1900000155364434e-07,384.9629226,30000
110,186,77,767,9.96103896103896,16.190313645488338,22.56551716909621,73.69247271,30000
110,112,3,22,7.333333333333333,34.445726134110785,0.0280024553004344,499.615563,20000
112,186,75,740,9.866666666666667,34.5418470116618,22.56551716909621,140.0463744,30000
112,167,56,549,9.803571428571429,34.634211959912534,7.620018809329448e-05,368.2581332,30000
113,113,1,1,1.0,34.458348909620995,0.01876574376883455,477.936298,20000
113,113,1,1,1.0,34.734417087463555,0.01876574376883455,485.9236899,20000
115,145,31,302,9.741935483870968,34.84601240889213,16.79655676271137,249.2037021,20000
115,150,36,352,9.777777777777779,0.006001466297379009,34.515525674198244,135.0851209,40000
116,116,1,4,4.0,11.158556797784257,0.0006825150892857142,76.42711577,30000
116,170,55,542,9.854545454545455,34.49026490451895,2.580000215626822e-06,271.2371565,30000
116,116,1,1,1.0,11.881838996180756,0.0005565100321428571,74.40213438,30000
116,117,2,4,2.0,12.789570822886297,0.0003330035921282799,72.24203233,30000
117,117,1,3,3.0,14.652603036800292,0.00016650089803206997,67.31007572,40000
117,186,70,687,9.814285714285715,33.157079696793005,23.614112892857143,153.6503273,20000
118,118,1,2,2.0,15.630701903855684,0.00011940046181924199,64.78937865,40000
118,118,1,2,2.0,16.781721754293002,8.970026064431487e-05,62.5052388,40000
118,118,1,1,1.0,17.50317837553936,7.440017931195334e-05,60.49815286,40000
118,118,1,1,1.0,22.473178956997085,5.8200109725947524e-05,509.6554488,20000
118,118,1,1,1.0,34.59732412827989,5.8200109725947524e-05,432.967663,30000
118,139,22,202,9.181818181818182,0.003233978724575627,1.7550000000000102e-13,159.0991356,20000
119,125,7,64,9.142857142857142,34.65635237317784,7.470000018076093e-08,386.6905332,30000
119,119,1,1,1.0,18.263664317499998,3.9750051184402335e-05,55.52684756,40000
119,140,22,212,9.636363636363637,5.295179151282799,1.7250000000000093e-13,56.5599313,30000
119,120,2,14,7.0,23.075448140670556,7.5300018367638494e-06,459.1185751,20000
119,141,23,221,9.608695652173912,34.54290003571429,3.6830680726603493,372.6097299,30000
120,186,67,660,9.850746268656716,11.076282270619533,23.614112892857143,195.3006666,20000
121,159,39,382,9.794871794871796,34.79670934766764,0.20416876459008748,414.1520617,30000
123,156,34,332,9.764705882352942,34.6184009212828,5.113932518833819,266.868835,30000
123,148,26,248,9.538461538461538,27.394500892857142,34.543953072886296,385.2100497,20000
124,128,5,42,8.4,18.3891789028863,2.3550000001796573e-09,455.0710185,20000
125,125,1,2,2.0,24.444339536443152,7.470000018076093e-08,509.4412863,20000
125,125,1,1,1.0,26.572619388483965,5.7750000108035715e-08,505.91903,20000
125,125,1,1,1.0,34.4629075983965,5.7750000108035715e-08,339.044658,30000
125,125,1,1,1.0,27.67565673760933,4.590000006824782e-08,503.8063248,20000
125,125,1,1,1.0,34.87913192492711,4.590000006824782e-08,336.2738279,30000
125,150,26,249,9.576923076923077,6.846598255284256,34.73089911370263,183.0621511,30000
126,126,1,1,1.0,29.213009773323613,3.6300000042685134e-08,501.6269144,20000
126,126,1,1,1.0,34.57133664431487,3.6300000042685134e-08,333.5129398,30000
126,126,1,1,1.0,31.75093018148688,2.4150000018892856e-08,497.0394074,20000
126,126,1,1,1.0,34.49868432142857,2.4150000018892856e-08,327.9928421,30000
126,126,1,1,1.0,33.302886848396504,1.980000001269971e-08,494.6418488,20000
126,126,1,1,1.0,34.703463921282804,1.980000001269971e-08,325.2321294,30000
126,126,1,1,1.0,34.616995638483964,1.6350000008659622e-08,492.1686479,20000
126,126,1,1,1.0,34.7850920728863,1.6350000008659622e-08,322.4714767,30000
127,127,1,1,1.0,34.752712900874634,1.1805000004514352e-08,488.4401953,20000
127,127,1,1,1.0,34.887237597667635,1.1805000004514352e-08,318.3271979,30000
127,156,30,292,9.733333333333333,34.835797285714285,4.689683488928571,263.7933446,30000
127,127,1,2,2.0,34.78931635276968,8.760000002485832e-09,485.3467858,20000
127,127,1,2,2.0,34.81008878206997,8.760000002485832e-09,314.8840082,30000
127,127,1,3,3.0,34.701705557580176,5.28000000090309e-09,480.6029569,20000
127,127,1,2,2.0,34.837558426384845,6.585000001404672e-09,310.728599,30000
127,127,1,1,1.0,34.67111586297376,5.28000000090309e-09,307.287181,30000
128,129,2,8,4.0,34.78227600291545,1.6950000000930686e-09,470.3755811,20000
128,128,1,7,7.0,34.59732412827989,2.1900000001553645e-09,299.0016087,30000
128,141,14,131,9.357142857142858,34.83227511370263,3.6830680726603493,231.4135076,30000
129,129,1,1,1.0,34.50570114358601,1.6950000000930686e-09,292.1134631,30000
129,129,1,2,2.0,34.464661005830905,1.054500000036021e-09,460.1106254,20000
129,129,1,1,1.0,34.882656035714284,1.3080000000554215e-09,287.9688917,30000
129,130,2,10,5.0,34.73054732434402,3.8100000000470234e-10,277.5311871,30000
129,130,2,9,4.5,34.54570816399417,3.8100000000470234e-10,451.9148755,30000
130,162,33,318,9.636363636363637,0.5398390172084548,0.014831664116762453,284.1030729,20000
130,130,1,1,1.0,34.489563324344026,2.6850000000233534e-10,444.248797,30000
130,130,1,1,1.0,34.88300845481049,2.6850000000233534e-10,276.1567781,30000
131,165,35,347,9.914285714285715,34.790020419825076,0.00045450669161807577,271.2404204,30000
131,131,1,3,3.0,34.551675746355684,1.3290000000057215e-10,438.3461258,30000
131,131,1,2,2.0,34.86856046720116,1.710000000009472e-10,282.456897,30000
131,131,1,1,1.0,34.48289860349854,1.3290000000057215e-10,287.5272191,30000
131,131,1,2,2.0,34.81501857798834,9.16500000002721e-11,431.8814187,30000
131,132,2,3,1.5,34.53939000655976,7.230000000016932e-11,293.5281246,30000
132,132,1,1,1.0,34.59521673760933,7.230000000016932e-11,428.9420046,30000
132,161,30,296,9.866666666666667,34.648971592565594,0.02444082004088921,405.28599,30000
132,159,28,265,9.464285714285714,34.715070035714284,0.48346750707405245,217.5522277,30000
132,133,2,4,2.0,34.66584289285714,2.6400000000022577e-11,419.0565183,30000
132,133,2,4,2.0,34.44888165087463,2.6400000000022577e-11,307.5786745,30000
133,136,4,34,8.5,34.46080355758018,7.185000000000168e-13,488.1025476,20000
133,134,2,9,4.5,26.066710659620988,5.565000000001004e-12,406.0986885,20000
133,134,2,6,3.0,34.88195120189504,8.505000000002343e-12,321.4101306,30000
133,134,2,9,4.5,3.4179411168002916,5.565000000001004e-12,272.3145429,20000
134,134,1,3,3.0,34.55553734766764,5.565000000001004e-12,329.0127632,30000
134,136,3,19,6.333333333333333,12.567617491428573,6.375000000000132e-13,267.5003206,20000
135,135,1,1,1.0,21.805845753068514,2.7150000000002387e-12,395.6079839,20000
135,135,1,1,1.0,34.85164886370262,2.7150000000002387e-12,340.0617557,30000
135,135,1,2,2.0,20.6401203755758,1.8150000000001069e-12,392.8757857,20000
135,135,1,2,2.0,34.67357669460641,1.8150000000001069e-12,344.8958775,30000
136,137,2,7,3.5,16.64632985495627,4.935000000000079e-13,385.8126167,20000
136,136,1,2,2.0,34.503245189504376,9.615000000000298e-13,353.1901393,30000
136,169,34,331,9.735294117647058,34.86715103862974,1.2150004782069972e-05,314.5373041,30000
136,137,2,5,2.5,34.73828702696793,4.935000000000079e-13,360.2342147,30000
136,141,6,52,8.666666666666666,23.54192043440233,4.8507620175,367.522482,20000
136,138,3,19,6.333333333333333,28.15849096209913,1.6950000000000092e-13,504.707546,20000
136,142,7,57,8.142857142857142,34.8016383680758,8.1875942303207,233.9202046,30000
136,142,7,57,8.142857142857142,8.104689673651603,8.1875942303207,205.3233385,20000
137,137,1,1,1.0,29.6292602361516,3.8700000000000486e-13,499.4791588,20000
137,137,1,2,2.0,32.292811242711366,2.1000000000000145e-13,496.0315816,20000
137,137,1,3,3.0,13.18609134898688,2.1000000000000145e-13,379.6411733,20000
137,137,1,3,3.0,34.790020419825076,2.1000000000000145e-13,371.8411815,30000
137,138,2,4,2.0,34.50429773250729,1.7100000000000094e-13,489.6385228,20000
138,138,1,1,1.0,11.621342184139943,1.7550000000000102e-13,379.3723349,20000
138,138,1,1,1.0,32.80228974052478,1.7550000000000102e-13,380.061449,30000
138,138,1,1,1.0,11.86243361658892,1.7100000000000094e-13,379.8090217,20000
138,138,1,2,2.0,28.30838653717201,1.7100000000000094e-13,385.080716,20000
138,139,2,12,6.0,34.6545949861516,1.7550000000000102e-13,476.965024,20000
138,139,2,5,2.5,13.444739315714285,1.7100000000000094e-13,380.5605197,20000
138,139,2,4,2.0,24.364467639212826,1.7100000000000094e-13,390.2599225,20000
139,139,1,2,2.0,0.7610208562129009,1.7250000000000093e-13,272.6738045,20000
139,165,27,267,9.88888888888889,34.52254389577259,0.00045450669161807577,335.5661634,30000
139,139,1,2,2.0,12.174964095109331,1.7250000000000093e-13,381.5693368,20000
139,139,1,2,2.0,21.176205460320702,1.7250000000000093e-13,395.4192491,20000
139,140,2,3,1.5,34.451686653790084,1.7250000000000093e-13,466.093853,20000
139,140,2,8,4.0,5.967402474752187,1.111951203587828,380.9616776,20000
139,140,2,8,4.0,14.066942475830903,1.111951203587828,402.042739,20000
140,140,1,1,1.0,34.89534404154519,1.7250000000000093e-13,460.369394,30000
140,140,1,1,1.0,34.81008878206997,1.111951203587828,456.7113506,20000
140,143,4,24,6.0,0.5161897887936588,6.690433765131196,141.3254491,20000
141,141,1,3,3.0,34.71647694533527,2.590523742922741,453.0761874,20000
141,141,1,7,7.0,2.602037841698251,5.223833236180758,379.783445,20000
141,142,2,11,5.5,14.50617868,7.643983116151604,410.2593954,20000
141,186,46,453,9.847826086956522,0.0002715023878279884,22.56551716909621,159.1397841,30000
141,141,1,1,1.0,10.406758760357144,3.3483385681924194,265.9371777,20000
141,186,46,452,9.826086956521738,9.860354633243439,22.56551716909621,224.4011615,20000
141,142,2,6,3.0,34.776644142857144,6.465460947055393,445.0240245,20000
141,141,1,1,1.0,7.6435387042638485,4.143832147201166,370.6046758,20000
141,144,4,33,8.25,34.451686653790084,15.723937293651604,200.1265489,30000
141,143,3,14,4.666666666666667,34.869265190233236,7.112610302303207,348.3671967,30000
142,144,3,28,9.333333333333334,34.800582125364436,14.487524604672013,339.021542,20000
142,142,1,4,4.0,1.5337319185026241,7.643983116151604,379.4836457,20000
142,143,2,6,3.0,13.446329040262391,6.737303528578717,365.5392285,20000
142,143,2,7,3.5,34.852353446793,6.690433765131196,432.8544892,20000
142,144,3,19,6.333333333333333,17.809268965714285,14.487524604672013,224.7449035,20000
142,144,3,13,4.333333333333333,34.8245268483965,11.579906015422742,203.4827151,30000
142,142,1,1,1.0,17.924467403177843,7.099326307354228,257.0889599,20000
143,143,1,1,1.0,0.9825250225365161,6.737303528578717,379.6085144,20000
143,143,1,1,1.0,16.292066114876093,6.737303528578717,414.1500729,20000
143,154,12,110,9.166666666666666,34.79213265597668,18.37861356035714,323.0647281,20000
143,144,2,6,3.0,0.3575209089796647,11.138434383935861,379.9998023,20000
143,143,1,1,1.0,17.275240430386297,7.112610302303207,415.4535171,20000
143,161,19,186,9.789473684210526,12.133876916151602,0.02444082004088921,437.2174324,20000
143,143,1,3,3.0,34.61418514285714,9.353955841661808,424.9338596,20000
143,144,2,8,4.0,0.14520738037714578,13.058237432099125,134.5147715,30000
143,143,1,4,4.0,18.955854985539357,9.938927795014576,416.7559943,20000
143,143,1,3,3.0,7.154642674314869,10.533753975772594,201.305235,20000
143,143,1,1,1.0,34.6180495983965,8.778838115714287,358.7822845,20000
143,143,1,1,1.0,23.247072321428572,9.938927795014576,249.9282339,20000
143,143,1,1,1.0,34.463608956997085,9.938927795014576,360.4897171,20000
143,144,2,2,1.0,34.83720619533528,11.138434383935861,421.0751184,20000
144,152,9,83,9.222222222222221,34.670412781341106,30.83733967638484,421.886285,20000
144,144,1,2,2.0,20.707673328170554,11.97440937052478,417.284534,20000
144,159,16,155,9.6875,34.52500041107872,0.2922393918553936,276.8657996,30000
144,145,2,8,4.0,3.6892675365087464,16.79655676271137,237.2049374,20000
144,149,6,54,9.0,30.656841854956266,34.87314127113703,244.0378025,20000
144,144,1,1,1.0,34.678147,11.579906015422742,362.8388921,20000
144,144,1,1,1.0,25.46806679373178,11.97440937052478,246.399614,20000
144,144,1,1,1.0,0.2777698959802478,11.97440937052478,380.5888136,20000
144,144,1,5,5.0,34.858694956997084,14.487524604672013,365.6734258,20000
144,144,1,2,2.0,0.10601968341528353,14.487524604672013,129.9022623,30000
144,145,2,4,2.0,2.2173463557142856,16.177695560357144,381.4750897,20000
144,145,2,4,2.0,24.556204321428574,16.177695560357144,412.2560797,20000
144,144,1,1,1.0,34.76397382215744,15.100125293994168,499.375625,20000
144,145,2,4,2.0,20.391291183790088,17.162049988928572,241.0784564,20000
145,145,1,9,9.0,34.52254389577259,20.568253940058312,317.9473634,20000
145,145,1,5,5.0,34.80973666472303,18.400160297259475,369.902081,20000
145,145,1,1,1.0,34.757639370262396,16.177695560357144,204.0309106,30000
145,145,1,5,5.0,0.04713319538633309,19.003254943214284,124.7123242,30000
145,145,1,6,6.0,34.68869479883382,19.952790652157432,214.2413945,20000
145,146,2,12,6.0,34.782980011661806,25.804848892857144,319.5003788,20000
145,145,1,2,2.0,34.5239476100583,18.400160297259475,205.2041878,30000
145,145,1,5,5.0,5.2929782712026245,21.293028083272596,381.9086846,20000
145,146,2,7,3.5,31.752965510932945,23.78662347594752,401.4302675,20000
145,146,2,6,3.0,25.612861760932944,22.418317962099124,252.1804993,20000
145,146,2,9,4.5,9.058286612427114,25.036500123177845,227.5507879,20000
145,146,2,4,2.0,34.49728102696793,22.418317962099124,373.0585637,20000
145,146,2,3,1.5,0.028412853258035716,21.763994765714283,119.205544,30000
146,146,1,1,1.0,34.70311224562682,21.763994765714283,220.8742051,20000
146,147,2,17,8.5,34.70944263046647,32.87037201166181,304.8766489,20000
146,182,37,367,9.91891891891892,34.62331959475219,34.86609398250729,439.2610023,20000
146,146,1,1,1.0,34.57028326603499,21.763994765714283,508.7347513,20000
146,146,1,1,1.0,34.649674496355686,21.763994765714283,208.4157875,20000
146,169,24,232,9.666666666666666,34.84812603571428,8.730002468833819e-06,393.7356477,30000
146,146,1,1,1.0,34.52815889285714,23.10691683965015,226.3008513,20000
146,146,1,2,2.0,0.019350864909347665,24.51358086297376,115.0924009,40000
146,146,1,4,4.0,34.49868432142857,25.036500123177845,225.4684929,20000
146,146,1,2,2.0,34.73125090451895,24.51358086297376,502.5969223,20000
146,158,13,127,9.76923076923077,34.657758309037895,0.5864316616041545,342.4655953,30000
146,146,1,4,4.0,34.60083656268222,25.804848892857144,374.9953308,20000
146,158,13,126,9.692307692307692,34.454491749999995,0.5864316616041545,350.0660332,30000
146,147,2,9,4.5,32.505872247813414,30.34273920991254,384.4101583,20000
146,155,10,90,9.0,34.65318910276968,8.668559572310496,250.7503576,30000
146,172,27,263,9.74074074074074,1.7550000000000102e-13,3.0600000303323617e-07,20.78670631,20000
146,162,17,160,9.411764705882353,17.973514852835276,0.011488317215405313,290.6628857,20000
146,146,1,2,2.0,10.731304628928573,27.71421452186589,219.7819257,30000
146,147,2,3,1.5,34.634914741253645,28.313572099854227,376.0299422,20000
146,186,41,398,9.707317073170731,34.71155286370263,23.614112892857143,211.9501174,20000
146,147,2,2,1.0,34.781572000000004,28.836950950437313,322.5811969,20000
146,146,1,1,1.0,34.72878839941691,27.71421452186589,233.4636556,20000
147,147,1,3,3.0,12.912549866355684,30.86349503206997,214.4978194,30000
147,147,1,1,1.0,34.526404166180754,28.836950950437313,236.6221108,20000
147,153,7,63,9.0,34.81220151676385,23.549468047376095,69.51823729,30000
147,147,1,5,5.0,34.89393416982507,32.133131143586006,376.7025608,20000
147,147,1,3,3.0,34.60505167638484,32.87037201166181,323.1596848,20000
147,147,1,1,1.0,34.75693557142857,30.86349503206997,478.7132542,20000
147,147,1,3,3.0,32.51511882288629,32.87037201166181,370.3561552,20000
147,147,1,2,2.0,14.998256939504373,33.45311095043732,209.236309,30000
147,147,1,1,1.0,34.60751058965015,33.45311095043732,469.5144923,20000
147,148,2,3,1.5,34.55659054227405,34.56712320991254,296.3739318,20000
147,148,2,6,3.0,33.207150035714285,34.50289434475219,357.4819336,20000
148,148,1,1,1.0,34.745675583090375,34.71331143148688,220.7513925,20000
148,148,1,2,2.0,34.587841283527695,34.56712320991254,376.3423095,20000
148,148,1,1,1.0,34.87913192492711,34.768197052478136,323.2918244,20000
148,148,1,1,1.0,34.737231571428566,34.768197052478136,460.1077701,20000
148,186,39,383,9.820512820512821,1.3290000572154517e-06,22.56551716909621,149.1745767,30000
148,160,13,122,9.384615384615385,34.4590502303207,0.09960975806712537,417.8397657,30000
148,148,1,2,2.0,18.315817402106415,34.55343099781341,199.5036429,30000
148,148,1,2,2.0,34.56185671209913,34.55343099781341,323.2876685,20000
148,148,1,1,1.0,34.89710641399417,34.6802564548105,259.993148,20000
148,148,1,1,1.0,34.79424494460641,34.55343099781341,453.0898331,20000
148,148,1,1,1.0,34.451686653790084,34.50289434475219,155.7432056,20000
148,148,1,1,1.0,34.77488426311953,34.82558338848396,225.2217689,20000
148,149,2,4,2.0,34.71401486880466,34.54325104664723,443.7162649,20000
148,148,1,2,2.0,20.301217412718657,34.63948296209913,194.1939034,20000
148,148,1,2,2.0,34.80938454883382,34.63948296209913,323.2953265,20000
148,148,1,1,1.0,34.859047276967935,34.63948296209913,149.7335731,20000
148,148,1,1,1.0,34.65810979664723,34.63948296209913,269.7792796,20000
148,148,1,1,1.0,33.029452889212834,34.63948296209913,343.2822141,20000
149,149,1,1,1.0,22.13505457435131,34.680608035714286,189.4926769,20000
149,149,1,2,2.0,34.60329535349854,34.57730603571429,323.2975099,20000
149,149,1,1,1.0,34.7752362361516,34.680608035714286,275.7930706,20000
149,149,1,2,2.0,33.07978990087464,34.57730603571429,336.0892659,20000
149,149,1,2,2.0,34.483950892857145,34.65600089285714,140.7435708,20000
149,186,38,372,9.789473684210526,8.9754564375,23.614112892857143,249.0011207,20000
149,158,10,88,8.8,34.453089190233236,1.3075707999186588,301.0552729,30000
149,149,1,2,2.0,34.62929265379009,34.87314127113703,430.8592289,20000
149,149,1,1,1.0,34.613131231049564,34.87314127113703,232.0572492,20000
149,149,1,2,2.0,23.92041715451895,34.48044331268221,184.7924199,20000
149,149,1,1,1.0,34.61418514285714,34.48044331268221,323.2868548,20000
149,149,1,1,1.0,34.878779521865894,34.48044331268221,290.4345436,20000
149,149,1,2,2.0,34.45940089285714,34.659867256559764,327.895014,20000
149,149,1,1,1.0,34.471675000000005,34.659867256559764,133.7494049,20000
149,149,1,3,3.0,33.32363880174927,34.56501657142857,299.8739861,20000
149,150,2,3,1.5,34.75024977332362,34.775940186588926,418.8109461,20000
149,150,2,2,1.0,26.407455454810496,34.87736992419825,179.4105616,20000
149,149,1,1,1.0,34.82487902696793,34.56501657142857,322.8024264,20000
150,150,1,2,2.0,34.518683801749276,34.775940186588926,323.2780921,20000
150,150,1,2,2.0,34.73934249562682,34.775940186588926,289.8405231,20000
150,150,1,5,5.0,34.46431032142857,34.7425089803207,121.7709225,20000
150,150,1,1,1.0,27.943744916180755,34.73582431778426,176.0481031,20000
150,151,2,13,6.5,34.683420735422736,34.882303618075795,313.6536048,20000
150,150,1,1,1.0,34.78650014285714,34.73582431778426,316.7284776,20000
150,150,1,2,2.0,34.547463291545185,34.7425089803207,323.2813533,20000
150,150,1,1,1.0,34.456244982507286,34.515525674198244,289.6984546,20000
150,150,1,2,2.0,34.63702312026239,34.7425089803207,407.5623499,20000
150,150,1,1,1.0,29.99046072594752,34.7425089803207,172.0235812,20000
150,150,1,1,1.0,34.82523120699709,34.7425089803207,302.8984189,20000
150,150,1,1,1.0,34.47728661516035,34.76643734766764,308.7565578,20000
150,152,3,13,4.333333333333333,0.0012585513061953353,33.31741266472303,99.36984807,40000
150,151,2,7,3.5,23.330656303935857,34.635266134110786,75.22741266,30000
150,150,1,1,1.0,34.481144817055394,34.49728102696793,246.7382893,20000
150,150,1,2,2.0,32.38918289285714,34.52535134766764,167.4194924,20000
150,151,2,2,1.0,34.885475429300286,34.563261079446065,323.2830902,20000
150,152,3,15,5.0,2.2201206430393587,29.65005147594752,124.5003668,40000
151,151,1,1,1.0,34.75236102113703,34.463258276967935,250.6801877,20000
151,151,1,1,1.0,33.873736618804664,34.463258276967935,164.1841527,20000
151,151,1,1,1.0,34.89393416982507,34.871731766763844,103.8567725,20000
151,152,2,7,3.5,34.686585134110786,31.832384292274057,323.3237945,20000
151,151,1,1,1.0,34.453089190233236,34.81361003571429,160.4584837,20000
151,152,2,7,3.5,28.894429574344024,30.83733967638484,72.52244084,20000
151,151,1,1,1.0,34.83333175,34.598729084548104,257.2538958,20000
151,156,6,52,8.666666666666666,34.75200914285715,3.8573267800655984,502.376811,20000
151,152,2,9,4.5,34.79670934766764,28.875482766763852,412.7187434,20000
151,152,2,9,4.5,34.61418514285714,28.875482766763852,88.41700057,20000
151,151,1,3,3.0,34.625779038629744,34.569581021137026,156.2715598,20000
151,152,2,6,3.0,30.38205643148688,30.83733967638484,456.9831634,20000
151,151,1,2,2.0,34.75376854883382,34.70733244970845,329.1434635,20000
151,151,1,2,2.0,34.680608035714286,34.587841283527695,291.4156712,20000
151,152,2,4,2.0,34.6134825335277,33.31741266472303,327.9254417,20000
151,163,13,113,8.692307692307692,34.86221822230321,0.006928794475348804,305.0104795,30000
152,152,1,3,3.0,34.829105283527696,30.83733967638484,292.417263,20000
152,152,1,1,1.0,34.79952589577259,31.832384292274057,152.794602,20000
152,152,1,4,4.0,34.47237643148688,29.687688426384838,341.843775,20000
152,153,2,13,6.5,0.00028350260357142855,23.549468047376095,118.8933549,40000
152,170,19,181,9.526315789473685,0.0005430095513119535,4.725000723214286e-06,466.3647771,20000
152,152,1,2,2.0,34.79670934766764,30.242871571428573,257.9352206,20000
152,152,1,1,1.0,34.47974181413994,28.875482766763852,153.2706554,20000
152,152,1,1,1.0,34.83121849052478,28.875482766763852,334.4037631,20000
152,153,2,8,4.0,34.6549464606414,25.788281950437323,72.5780281,30000
152,152,1,2,2.0,34.46606375801749,31.010868163994175,324.2721852,20000
152,152,1,3,3.0,25.034955046647234,31.010868163994175,452.3107921,20000
152,152,1,3,3.0,34.59627042638484,31.010868163994175,290.9436634,20000
152,152,1,4,4.0,34.780516006559765,29.84338928571428,409.6952335,20000
152,152,1,4,4.0,34.710849446793,29.84338928571428,76.5964449,20000
152,152,1,2,2.0,34.77734810495627,31.010868163994175,151.1436872,20000
152,153,2,5,2.5,1.2089437771435132,28.685632839650147,138.5778636,40000
152,152,1,1,1.0,34.74286081924198,31.010868163994175,351.5670276,20000
152,186,35,339,9.685714285714285,34.81783573250729,23.614112892857143,286.2220858,20000
152,153,2,4,2.0,34.56747432142857,25.788281950437323,344.5672999,20000
152,152,1,1,1.0,22.985626129008743,29.84338928571428,452.0279559,20000
153,153,1,1,1.0,34.65424351311953,27.93020365087464,255.8965426,20000
153,160,8,74,9.25,34.75095351676384,0.09960975806712537,34.91824649,40000
153,159,7,61,8.714285714285714,34.643348572157436,0.31580834338075797,399.3653557,30000
153,153,1,1,1.0,34.48465242638484,27.93020365087464,147.8170795,20000
153,153,1,5,5.0,34.58538294169096,23.549468047376095,364.0518123,20000
153,153,1,2,2.0,34.86715103862974,25.788281950437323,325.4655841,20000
153,153,1,1,1.0,20.396988221639944,26.731843451895045,451.8449384,20000
153,153,1,1,1.0,34.638428735422735,26.731843451895045,293.214101,20000
153,153,1,4,4.0,34.50394688338193,21.039404367529155,294.7292175,20000
153,153,1,2,2.0,34.44993351603499,22.917150288629735,253.9563603,20000
153,153,1,3,3.0,0.6709124258035714,21.8142371181414,146.5407961,30000
153,156,4,28,7.0,34.563261079446065,5.581775801749271,82.75168911,40000
153,154,2,6,3.0,13.01986184142857,18.37861356035714,451.758369,20000
153,153,1,2,2.0,34.61734695699708,21.8142371181414,144.46721,30000
153,154,2,10,5.0,34.83544506195335,12.844647985721576,329.8946214,20000
153,153,1,3,3.0,34.53868801822158,19.817645555714286,354.2964546,20000
153,155,3,18,6.0,4.4850065161078714e-05,9.29555520142857,134.1646415,20000
153,173,21,196,9.333333333333334,34.60153906705539,2.1900000155364434e-07,170.5941216,40000
153,153,1,1,1.0,34.62788719023324,21.8142371181414,273.7415672,20000
153,153,1,1,1.0,34.824174671282805,21.039404367529155,373.75301,20000
153,155,3,17,5.666666666666667,0.10114197612771503,8.096400396800291,154.5129562,20000
154,154,1,3,3.0,26.627340725947523,16.73283813271866,403.2968201,20000
154,156,3,27,9.0,34.6219142303207,3.402270971027697,137.5604203,40000
154,161,8,74,9.25,34.55307994460641,0.035757072150892855,430.2123042,30000
154,159,6,53,8.833333333333334,34.765381542274056,0.2922393918553936,386.1115313,30000
154,186,33,322,9.757575757575758,8.569609847120992,23.614112892857143,340.8856077,20000
154,186,33,321,9.727272727272727,6.813688400357142,23.614112892857143,267.2448176,20000
154,156,3,18,6.0,26.56661218950437,5.113932518833819,398.4496827,20000
154,154,1,1,1.0,8.856189406712828,12.844647985721576,452.0169268,20000
155,155,1,3,3.0,34.51131502113703,9.787287711253644,336.9570639,20000
155,164,10,91,9.1,34.57800834475219,0.0015345912791151677,247.4674217,30000
155,164,10,90,9.0,3.810000000470233e-09,0.0011445424321428572,145.35671,20000
155,186,32,310,9.6875,34.888647358600586,23.614112892857143,199.0796342,20000
155,155,1,1,1.0,34.62331959475219,7.806644125976676,341.5719229,30000
155,156,2,5,2.5,0.05466345472915452,5.581775801749271,160.7049587,20000
155,156,2,3,1.5,34.871731766763844,5.581775801749271,344.9650714,30000
156,156,1,1,1.0,10.42855702537172,5.581775801749271,451.7109838,20000
156,157,2,14,7.0,19.485088253068515,1.7060090641399417,102.9903989,30000
156,157,2,14,7.0,0.012556473235791283,1.7060090641399417,163.0348547,20000
156,156,1,1,1.0,24.810072892857143,4.354428684555394,393.2968591,20000
156,156,1,3,3.0,34.694672467201165,3.402270971027697,288.4515868,30000
156,157,2,4,2.0,18.834492497150144,2.677349494351312,395.6039397,20000
157,172,16,155,9.6875,17.158979796100585,4.5000000655976675e-07,405.773921,20000
157,158,2,13,6.5,29.96394014285714,0.8922832981720846,132.9744416,40000
157,157,1,4,4.0,1.1275274207551749,2.201337949861516,342.6706558,20000
157,157,1,3,3.0,34.552026793731784,1.8945075610495625,288.82459,30000
157,157,1,3,3.0,15.111114088192421,1.7060090641399417,399.2127821,20000
157,157,1,1,1.0,34.741453472303206,1.7060090641399417,364.7069159,30000
157,157,1,1,1.0,8.100931312682217,1.7060090641399417,446.7597639,20000
157,157,1,2,2.0,34.73371348104956,1.5564523032142856,376.3105578,30000
157,157,1,2,2.0,2.673485160415452,1.5564523032142856,342.5162043,20000
157,157,1,1,1.0,34.858694956997084,1.5564523032142856,217.4981168,30000
157,158,2,3,1.5,12.097903393586007,1.0566436619475947,401.9990095,20000
157,162,6,49,8.166666666666666,20.716828501814867,0.010720635513997967,123.7843173,30000
157,158,2,9,4.5,0.004560313479654344,0.6592220923854957,164.343851,20000
158,158,1,1,1.0,34.55553734766764,1.3075707999186588,280.9439816,30000
158,158,1,4,4.0,34.628589919096214,0.8922832981720846,379.8416511,30000
158,158,1,6,6.0,5.927303317966472,0.6592220923854957,341.3215037,20000
158,158,1,1,1.0,34.59346061880466,0.9717924577962099,211.8757402,30000
158,158,1,1,1.0,10.179307508928572,0.7870374217154518,403.8608968,20000
158,158,1,1,1.0,34.58608531778426,0.7870374217154518,273.7582519,30000
158,167,10,89,8.9,34.44397312026239,8.400022857142857e-05,247.2206885,30000
158,159,2,9,4.5,22.24439846950437,0.31580834338075797,132.5732102,30000
158,158,1,3,3.0,34.879484329446065,0.5475521493002916,383.2428894,30000
158,158,1,1,1.0,8.639175116151604,0.5864316616041545,404.9130931,20000
158,159,2,3,1.5,34.86961755393585,0.4341863554671283,267.1524196,30000
158,159,2,9,4.5,0.0017085495519432142,0.23424652551086006,164.6915167,20000
158,158,1,1,1.0,6.852347910466472,0.5475521493002916,339.758119,20000
159,162,4,35,8.75,0.3465218248166181,0.010720635513997967,408.8941592,20000
159,159,1,3,3.0,34.803398801749275,0.3479616632572158,428.3959244,30000
159,159,1,3,3.0,34.463608956997085,0.3479616632572158,220.5879753,30000
159,160,2,15,7.5,34.79811761005831,0.08293401778794168,391.8585881,30000
159,160,2,10,5.0,11.74941918898688,0.15462635279365888,336.3624963,20000
159,159,1,2,2.0,26.648228571428568,0.23424652551086006,197.1489178,30000
159,160,2,7,3.5,5.280000000009031e-11,0.11393443146384839,141.9468698,20000
159,172,14,124,8.857142857142858,34.54009200072886,6.900000154227405e-07,366.3248729,30000
159,160,2,10,5.0,14.938078006559767,0.09960975806712537,133.1635784,30000
159,170,12,110,9.166666666666666,31.910183370262395,3.1050003123104954e-06,458.2132778,20000
159,161,3,13,4.333333333333333,0.0004185056735422741,0.0533123535556968,164.8257226,20000
159,160,2,3,1.5,34.7389906712828,0.13837491705306196,435.9188964,30000
159,159,1,1,1.0,34.545006123177835,0.18986258233498543,210.8219894,30000
160,160,1,3,3.0,34.59837784329446,0.11393443146384839,206.1917855,30000
160,160,1,1,1.0,34.62156289285714,0.13837491705306196,249.9297007,30000
160,160,1,5,5.0,14.296803575517492,0.08293401778794168,331.3775232,20000
160,160,1,1,1.0,34.72738128571429,0.11393443146384839,438.8493621,30000
160,161,2,5,2.5,11.511275965743438,0.0533123535556968,133.8582993,30000
161,161,1,1,1.0,2.805000000002549e-11,0.059066035334204806,142.019205,20000
161,161,1,10,10.0,34.449582892857144,0.02444082004088921,403.2544919,30000
161,162,2,17,8.5,24.655973399416908,0.010720635513997967,320.4960709,30000
161,161,1,2,2.0,34.74637928862974,0.0533123535556968,444.6314719,30000
161,161,1,2,2.0,34.797061411078715,0.0533123535556968,194.8817107,30000
161,162,2,15,7.5,8.47502326712828e-05,0.010720635513997967,164.8723683,20000
161,162,2,11,5.5,5.865662900007289,0.014831664116762453,134.6532566,20000
161,161,1,1,1.0,34.50394688338193,0.035757072150892855,448.6894037,30000
161,161,1,1,1.0,34.8245268483965,0.035757072150892855,188.6719974,30000
161,168,8,68,8.5,32.30647392492711,3.420003788921283e-05,468.0022252,20000
161,162,2,13,6.5,4.670652691428571,0.009660156064347529,477.8999859,20000
161,162,2,3,1.5,34.84883058965015,0.01915051549801822,452.6482772,30000
161,161,1,2,2.0,34.76432575,0.02444082004088921,183.8301483,30000
162,162,1,1,1.0,34.56396327186589,0.02213980582000656,225.0456916,30000
162,163,2,13,6.5,3.147335377376093,0.004602025854544723,179.6422655,20000
162,162,1,3,3.0,7.440000000001792e-12,0.015923805582227408,142.0389756,20000
162,162,1,3,3.0,9.037195174351313,0.014831664116762453,363.7041974,20000
162,164,3,24,8.0,34.71893909329446,0.0013500590379008747,356.3509011,30000
162,162,1,8,8.0,34.60680803571428,0.00859971936336753,411.2460205,30000
162,162,1,1,1.0,34.677092292274054,0.01915051549801822,180.3917875,40000
162,186,25,245,9.8,34.593811839650144,22.56551716909621,418.0649746,20000
162,162,1,1,1.0,33.98245224562682,0.015923805582227408,408.6443859,30000
162,162,1,1,1.0,34.506052,0.015923805582227408,507.6210643,20000
162,172,11,96,8.727272727272727,34.7425089803207,6.07500011955175e-07,313.709483,30000
162,164,3,18,6.0,7.410000000000177e-13,0.0016978683735001821,142.048861,20000
162,162,1,1,1.0,34.10667289285714,0.011488317215405313,410.9673511,30000
162,162,1,1,1.0,34.67779542930029,0.011488317215405313,503.9718172,20000
162,171,10,90,9.0,33.467316822886296,1.293000054157726e-06,43.20339375,40000
162,171,10,89,8.9,0.001501363011715714,1.293000054157726e-06,135.8359782,20000
162,169,8,74,9.25,2.0250000000000133e-13,6.570001398279884e-06,148.6369496,20000
162,163,2,3,1.5,34.46781723104956,0.007631050460272019,213.9944131,30000
162,164,3,22,7.333333333333333,0.047477596082379,0.0012660519195335277,288.9743155,20000
162,164,3,18,6.0,14.237890601049564,0.0013500590379008747,358.3279589,20000
162,163,2,8,4.0,23.79541299125364,0.004176549912559774,300.2992571,30000
162,163,2,2,1.0,0.004116248720002915,0.007631050460272019,416.0352746,20000
162,163,2,3,1.5,0.23653210379037898,0.006928794475348804,410.1588988,20000
162,164,3,17,5.666666666666667,33.216822321428566,0.0012660519195335277,153.0275276,40000
162,163,2,2,1.0,5.805010916107872e-05,0.006928794475348804,164.8810001,20000
162,163,2,7,3.5,31.398932630466476,0.0038450538065089284,305.1114665,30000
163,163,1,9,9.0,8.619003603498541,0.0034884791281816403,475.25948,20000
163,163,1,4,4.0,34.568878782069966,0.00526915407712164,417.6759871,30000
163,163,1,3,3.0,34.15522492419825,0.00526915407712164,416.4928825,30000
163,163,1,3,3.0,34.54921845553936,0.00526915407712164,495.4879902,20000
163,163,1,5,5.0,34.46395963848396,0.0038450538065089284,288.5387068,30000
163,164,2,15,7.5,1.0905003852252186e-05,0.0012660519195335277,164.8810001,20000
163,186,24,232,9.666666666666666,34.53342329154519,23.614112892857143,448.6105897,20000
163,163,1,1,1.0,0.15072250175055685,0.004602025854544723,410.2053364,20000
163,168,6,46,7.666666666666667,20.54801218251458,3.420003788921283e-05,391.384291,20000
163,163,1,2,2.0,34.64651147521866,0.0038450538065089284,445.9415303,30000
163,163,1,2,2.0,0.03153364591844023,0.0038450538065089284,441.7231383,20000
163,163,1,2,2.0,34.55027157142857,0.0038450538065089284,420.9478643,30000
163,164,2,8,4.0,1.3225051808035715,0.0016978683735001821,177.5787868,20000
163,186,24,229,9.541666666666666,34.468869332361514,23.614112892857143,163.3012806,20000
163,163,1,2,2.0,34.89040959256559,0.003097690779490263,200.1917914,30000
163,165,3,13,4.333333333333333,33.50093559475219,0.0009135270321428571,305.9069787,30000
163,163,1,2,2.0,0.10330823213602332,0.003097690779490263,410.2261568,20000
163,163,1,2,2.0,34.67076432142857,0.003097690779490263,470.6904226,20000
163,163,1,2,2.0,34.70487063848397,0.003097690779490263,156.2454043,40000
163,166,4,23,5.75,34.88512299999999,0.00032550343214285713,288.1755813,30000
163,163,1,1,1.0,0.0017055192168587828,0.003097690779490263,416.0352746,20000
164,164,1,2,2.0,9.784305854344023,0.0025067035161078716,472.8978692,20000
164,164,1,5,5.0,34.89499157142857,0.0018671779229580247,425.5120684,30000
164,165,2,16,8.0,34.44607674125364,0.000531009133819242,285.4937063,30000
164,164,1,1,1.0,34.28950065597668,0.0025067035161078716,422.93094,30000
164,164,1,1,1.0,34.706629067784256,0.0025067035161078716,485.8548863,20000
164,165,2,11,5.5,4.8795682873542265,0.0006000116618075802,458.3024291,20000
164,164,1,1,1.0,0.07622996728600656,0.0022738374627557143,410.2472369,20000
164,164,1,1,1.0,34.4555436851312,0.0022738374627557143,474.0646122,20000
164,164,1,1,1.0,34.82276597740525,0.0022738374627557143,151.4164232,40000
164,164,1,2,2.0,34.53833702623907,0.0016978683735001821,456.2984676,30000
164,164,1,2,2.0,0.013443914743794758,0.0016978683735001821,441.712658,20000
164,165,2,7,3.5,13.750535866188047,0.0010245340006559767,469.870606,20000
164,164,1,1,1.0,34.64475429227406,0.0016978683735001821,190.5155432,30000
164,164,1,3,3.0,0.04081045967020481,0.0012660519195335277,410.2611181,20000
164,165,2,11,5.5,34.52815889285714,0.000531009133819242,433.1697939,30000
164,164,1,1,1.0,34.64440286005831,0.0015345912791151677,477.9645853,20000
164,164,1,2,2.0,34.80903243440233,0.0012660519195335277,144.5202877,40000
164,164,1,1,1.0,34.21464339358601,0.0013500590379008747,427.8186592,30000
164,164,1,2,2.0,34.781220000728865,0.0012660519195335277,187.0684034,30000
164,168,5,31,6.2,0.03839889555803572,4.680007095043732e-05,176.7137529,20000
164,167,4,26,6.5,3.7800000000000045e-14,8.400022857142857e-05,142.048861,20000
164,164,1,1,1.0,34.52359667930029,0.0012660519195335277,479.9215838,20000
165,173,9,86,9.555555555555555,34.517280174927116,1.5900000081895042e-07,319.2666527,30000
165,167,3,25,8.333333333333334,34.53833702623907,5.670010414285714e-05,366.7401523,30000
165,165,1,2,2.0,0.027654579789796643,0.0008025208618804666,410.2680588,20000
165,165,1,8,8.0,34.628589919096214,0.00045450669161807577,171.8942981,40000
165,165,1,4,4.0,34.45975155685131,0.0006000116618075802,223.6693433,30000
165,167,3,27,9.0,0.0020735892677325074,5.670010414285714e-05,288.9581365,20000
165,167,3,17,5.666666666666667,27.29538675291545,0.0001285505353126822,343.7943716,30000
165,170,6,48,8.0,2.3700000000018194e-11,5.925001137208455e-06,146.0968843,20000
165,165,1,6,6.0,4.860000765131195e-06,0.000531009133819242,164.8810001,20000
165,165,1,1,1.0,34.81184939067055,0.0008025208618804666,483.8611789,20000
165,165,1,2,2.0,34.67885014577259,0.0006825150892857142,135.5979216,40000
165,166,2,11,5.5,20.777843018374632,0.000267002309329446,463.2823213,20000
165,172,8,70,8.75,34.574848,4.5000000655976675e-07,338.1216087,30000
165,165,1,1,1.0,0.02224660905657143,0.0006825150892857142,410.2680588,20000
165,165,1,1,1.0,34.56361217492711,0.0006825150892857142,485.8495546,20000
165,186,22,210,9.545454545454545,34.86116122740525,23.614112892857143,423.6245375,20000
165,165,1,2,2.0,0.37755814067055393,0.00048600765131195337,354.0826463,20000
165,165,1,1,1.0,0.004297528108436181,0.000531009133819242,441.7021777,20000
165,165,1,3,3.0,34.69889225145773,0.00045450669161807577,173.9795522,40000
165,166,2,4,2.0,2.760000246763848e-06,0.0002985028863702624,164.8810001,20000
165,165,1,1,1.0,1.1436333015186588,0.0004035052741253644,354.1283863,20000
165,166,2,6,3.0,34.60294409329446,0.00024000186588921286,442.3481122,30000
165,166,2,8,4.0,34.68834318440233,0.00017250096392128282,278.3034492,30000
166,177,12,112,9.333333333333334,30.48177314941691,6.186311556851312,467.5339882,20000
166,166,1,9,9.0,34.775940186588926,0.00016050083447521866,186.2349257,30000
166,170,5,45,9.0,31.52837909329446,3.1050003123104954e-06,470.7871036,20000
166,168,3,19,6.333333333333333,34.635617528425655,4.680007095043732e-05,248.7402609,30000
166,166,1,3,3.0,34.846716945335274,0.00021900155364431488,165.7118935,40000
166,166,1,2,2.0,34.851296574344026,0.0002985028863702624,493.3548653,20000
166,166,1,2,2.0,34.55097365597668,0.0002985028863702624,128.5579393,40000
166,166,1,3,3.0,0.7140735393120262,0.00024000186588921286,410.356242,20000
166,166,1,2,2.0,34.747786717201166,0.00024000186588921286,393.958375,30000
166,168,3,20,6.666666666666667,34.83896736516035,3.6300042685131195e-05,262.6652991,30000
166,168,3,22,7.333333333333333,2.385000018426385e-07,2.5350020817055392e-05,164.8810001,20000
166,166,1,3,3.0,23.64706513411079,0.00017250096392128282,457.4093304,20000
166,166,1,1,1.0,2.68013504537172,0.00021900155364431488,416.5635426,20000
166,166,1,2,2.0,34.83650173760933,0.00017250096392128282,446.823427,30000
166,170,5,39,7.8,34.25136408236151,3.4800003923032067e-06,461.9593925,20000
166,166,1,1,1.0,1.4527539625236152,0.00017250096392128282,410.5606797,20000
166,166,1,1,1.0,34.78614812317784,0.00017250096392128282,498.932697,20000
166,166,1,2,2.0,34.5239476100583,0.00014115064539431486,137.4242969,40000
166,167,2,3,1.5,2.892049453534985,0.00010635036638556853,410.8952471,20000
166,166,1,1,1.0,4.779902253177843,0.00014115064539431486,354.7512932,20000
166,166,1,1,1.0,34.67920172084548,0.00014115064539431486,490.8594289,20000
166,166,1,1,1.0,0.0011385419884110788,0.00014115064539431486,441.7021777,20000
166,166,1,1,1.0,34.65318910276968,0.00014115064539431486,500.9702711,20000
167,169,3,21,7.0,34.70029889285714,1.3320005747405247e-05,442.8379581,30000
167,169,3,24,8.0,34.79882175,1.2150004782069972e-05,210.452427,30000
167,167,1,2,2.0,34.818892189504375,0.00011415042209985424,450.4406461,30000
167,167,1,2,2.0,34.44607674125364,0.00011415042209985424,280.8742427,30000
167,167,1,2,2.0,34.50289434475219,0.00010635036638556853,153.9941209,40000
167,167,1,1,1.0,34.75130539067055,0.00010635036638556853,402.448926,30000
167,167,1,7,7.0,7.962869985488338,5.130008525072886e-05,418.7627357,20000
167,167,1,6,6.0,32.9392,5.670010414285714e-05,327.370602,30000
167,167,1,5,5.0,34.59591919533527,5.670010414285714e-05,282.8047467,30000
167,167,1,1,1.0,3.4433249143513116,8.400022857142857e-05,411.4113665,20000
167,167,1,1,1.0,34.79882175,8.400022857142857e-05,506.1056919,20000
167,167,1,1,1.0,34.744268189504375,8.400022857142857e-05,146.4742284,40000
167,167,1,1,1.0,34.5285098425656,7.620018809329448e-05,149.1834636,40000
167,168,2,5,2.5,2.2500000000000015e-14,4.680007095043732e-05,142.048861,20000
167,167,1,1,1.0,34.86468459475219,6.735014693950437e-05,500.5432222,20000
167,167,1,1,1.0,0.0005775108035714285,6.735014693950437e-05,441.7021777,20000
167,186,20,190,9.5,12.84073068892857,22.56551716909621,312.8772937,20000
167,186,20,189,9.45,5.949531223039359,23.614112892857143,266.4948659,20000
167,167,1,2,2.0,4.74589133324344,5.670010414285714e-05,412.071174,20000
167,167,1,1,1.0,34.8400240845481,6.180012372011661e-05,509.2061213,20000
167,179,13,115,8.846153846153847,21.888109042048104,16.870236901341105,223.6457324,20000
167,167,1,1,1.0,34.453089190233236,5.130008525072886e-05,143.7003232,40000
168,169,2,16,8.0,0.0002730024142857143,7.395001771494169e-06,288.9544739,20000
168,168,1,7,7.0,34.613131231049564,1.7700010148688046e-05,314.3059958,30000
168,169,2,12,6.0,34.49096649052478,1.0920003862857143e-05,383.8636744,30000
168,168,1,3,3.0,5.959992974701166,3.420003788921283e-05,413.165671,20000
168,168,1,1,1.0,34.82487902696793,4.200005714285714e-05,285.0018965,30000
168,169,2,12,6.0,14.773484037580175,1.0920003862857143e-05,422.596389,20000
168,168,1,2,2.0,34.81642714358601,3.420003788921283e-05,138.5326552,40000
168,170,3,17,5.666666666666667,0.00428316911884129,5.235000887762391e-06,176.5749516,20000
168,169,2,10,5.0,2.2500000000000015e-14,1.2150004782069972e-05,142.048861,20000
168,168,1,4,4.0,34.67779542930029,2.220001596501458e-05,286.6472805,30000
168,186,19,180,9.473684210526315,7.989779008928571,23.614112892857143,224.5345585,20000
168,181,14,128,9.142857142857142,5.205000000087762e-10,25.551168597667637,444.9517304,20000
168,168,1,2,2.0,34.824174671282805,2.0250013283527694e-05,131.5775443,40000
168,168,1,2,2.0,8.679140059249272,2.0250013283527694e-05,414.8479018,20000
168,171,4,21,5.25,2.010000001308746e-08,1.9350001212900876e-06,164.8810001,20000
168,169,2,3,1.5,34.835797285714285,1.3320005747405247e-05,289.2422098,30000
169,170,2,12,6.0,34.78720418658892,4.725000723214286e-06,427.3640846,30000
169,170,2,17,8.5,16.19976619190233,2.8500002631195333e-06,419.293628,20000
169,169,1,4,4.0,34.50254350145772,1.0920003862857143e-05,304.1288825,30000
169,169,1,2,2.0,34.60224157725948,1.2150004782069972e-05,128.3546322,40000
169,172,4,27,6.75,34.72632596574344,5.445000096041546e-07,414.8063468,30000
169,169,1,1,1.0,16.87253951373178,1.0920003862857143e-05,359.7679954,20000
169,169,1,4,4.0,34.61559037900875,8.100002125364431e-06,291.8009856,30000
169,170,2,7,3.5,2.2950000000000015e-14,5.235000887762391e-06,142.048861,20000
169,169,1,3,3.0,34.75975080174928,8.100002125364431e-06,230.5167579,30000
169,169,1,3,3.0,34.48851096501458,7.395001771494169e-06,297.9234418,30000
169,170,2,6,3.0,34.657758309037895,4.26000058787172e-06,392.9454152,30000
169,171,3,16,5.333333333333333,25.40091440889213,1.393500062903863e-06,430.8789905,20000
169,171,3,14,4.666666666666667,34.662679268221574,1.5750000803571426e-06,243.8482469,30000
169,170,2,3,1.5,34.59416306195335,4.725000723214286e-06,294.4640663,30000
170,170,1,9,9.0,8.565023763921283e-05,2.3700001819533524e-06,288.9544739,20000
170,170,1,1,1.0,34.48465242638484,5.925001137208455e-06,138.4731201,40000
170,170,1,2,2.0,34.601187814139934,4.26000058787172e-06,291.0016937,30000
170,171,2,15,7.5,2.0550000000000135e-13,1.293000054157726e-06,148.6369496,20000
170,182,13,118,9.076923076923077,7.422158948221573,33.2703860058309,154.5555151,30000
170,171,2,13,6.5,0.0010530359186588921,1.293000054157726e-06,176.5673384,20000
170,170,1,1,1.0,34.711904574344025,4.26000058787172e-06,143.1506636,40000
170,173,4,32,8.0,34.47623440889213,1.2945000054283452e-07,453.73606,30000
170,171,2,15,7.5,2.2650000000000016e-14,8.565000237639213e-07,142.048861,20000
170,170,1,1,1.0,34.64862014285714,3.975000511844023e-06,507.3754706,20000
170,170,1,1,1.0,34.64791724781341,3.975000511844023e-06,490.6675642,20000
170,170,1,3,3.0,34.4555436851312,2.8500002631195333e-06,296.9318528,30000
170,170,1,4,4.0,34.62788719023324,2.3700001819533524e-06,283.4146089,30000
170,171,2,5,2.5,34.47097357434403,2.100000142857143e-06,401.097332,30000
170,170,1,3,3.0,34.48851096501458,2.3700001819533524e-06,149.6073703,40000
170,170,1,1,1.0,34.699947230320696,2.8500002631195333e-06,510.2335318,20000
170,186,17,159,9.352941176470589,34.79565316618076,23.614112892857143,462.9406393,20000
170,171,2,2,1.0,34.7935408425656,2.100000142857143e-06,301.3252692,30000
170,170,1,1,1.0,17.085540238017494,2.3700001819533524e-06,423.7299523,20000
170,171,2,2,1.0,2.7198696955174926,2.100000142857143e-06,343.1049744,20000
171,171,1,2,2.0,34.62648175,1.9350001212900876e-06,85.33449213,40000
171,171,1,2,2.0,34.81466644023324,1.9350001212900876e-06,299.6976036,30000
171,171,1,1,1.0,26.846662358600582,1.9350001212900876e-06,366.6984097,20000
171,174,4,30,7.5,34.85341033236151,8.070000021096502e-08,437.0894805,30000
171,171,1,2,2.0,34.854819533527696,1.393500062903863e-06,156.9682315,40000
171,171,1,5,5.0,3.4650038892857144e-05,9.120000269434403e-07,288.9544739,20000
171,171,1,2,2.0,34.478338834548104,1.293000054157726e-06,406.6643776,30000
171,171,1,1,1.0,34.79776554227405,1.5750000803571426e-06,275.8226332,30000
171,171,1,4,4.0,1.2720000005241283e-08,1.1490000427664721e-06,164.8810001,20000
171,171,1,2,2.0,34.80938454883382,1.293000054157726e-06,90.85463163,40000
171,171,1,1,1.0,28.361556245626822,1.393500062903863e-06,368.234054,30000
171,171,1,1,1.0,34.82663994169096,1.293000054157726e-06,309.6202826,30000
171,171,1,3,3.0,34.460102222303206,9.120000269434403e-07,270.7550315,30000
171,172,2,7,3.5,24.51695291618076,6.07500011955175e-07,260.8998507,30000
171,171,1,2,2.0,34.775588210641395,1.0110000331104958e-06,413.5293831,30000
171,171,1,4,4.0,28.39140032142857,8.565000237639213e-07,439.150774,20000
171,175,5,34,6.8,2.9250027715014575e-05,3.525000004025146e-08,176.5673384,20000
171,172,2,4,2.0,34.513069434402325,7.69500019181414e-07,410.8327585,30000
171,172,2,3,1.5,0.0008925258035714286,7.69500019181414e-07,135.9587717,20000
171,171,1,2,2.0,34.77770008819242,9.120000269434403e-07,303.6670353,30000
171,171,1,2,2.0,34.57695488338192,8.565000237639213e-07,314.4637637,30000
171,172,2,3,1.5,34.60329535349854,7.69500019181414e-07,97.07575786,40000
171,178,8,68,8.5,3.0266478671720116,12.738206062857142,166.5774538,20000
171,172,2,2,1.0,34.72456712827988,7.69500019181414e-07,165.950738,40000
172,174,3,28,9.333333333333334,1.5750000803571426e-06,4.185000005673542e-08,288.9544739,20000
172,172,1,1,1.0,31.72379747011662,7.69500019181414e-07,371.6032864,30000
172,181,10,94,9.4,30.307437655976678,29.97786228571428,153.3526502,20000
172,172,1,1,1.0,34.71612521574344,6.900000154227405e-07,305.7476334,30000
172,172,1,4,4.0,31.002468072886295,5.040000082285714e-07,443.1143258,20000
172,172,1,3,3.0,34.69713398250729,5.040000082285714e-07,415.0431681,30000
172,172,1,3,3.0,34.564665470116616,5.040000082285714e-07,262.0002291,30000
172,172,1,2,2.0,34.76045462390671,5.445000096041546e-07,170.103162,40000
172,172,1,3,3.0,8.287819283447522,4.5000000655976675e-07,338.8114597,20000
172,173,2,12,6.0,0.00022500163994169096,1.8150000106712832e-07,135.9587717,20000
172,174,3,24,8.0,34.73969432142857,4.185000005673542e-08,286.6770879,30000
172,172,1,4,4.0,17.988432595218658,3.6300000426851317e-07,268.6195678,20000
172,174,3,23,7.666666666666667,34.7460274351312,4.185000005673542e-08,387.9195207,30000
172,181,10,88,8.8,34.771364612973755,26.811117868804665,248.947347,20000
172,172,1,1,1.0,34.47588367638484,3.960000050798834e-07,324.8287527,30000
172,172,1,1,1.0,34.7850920728863,3.960000050798834e-07,106.7556331,40000
172,178,7,60,8.571428571428571,31.069694311953356,13.979153514759476,451.2922504,20000
172,186,15,138,9.2,34.67146740597668,23.614112892857143,171.86052,20000
172,172,1,2,2.0,21.445795120998543,3.6300000426851317e-07,105.4106435,40000
172,172,1,1,1.0,34.79283674635569,3.960000050798834e-07,504.429724,20000
172,173,2,3,1.5,19.74943301755831,2.640000022577259e-07,422.8156557,20000
172,173,2,9,4.5,34.80586347011662,1.4445000067592493e-07,374.6195696,30000
172,172,1,1,1.0,34.877017528425654,3.3450000362456265e-07,376.6897676,30000
172,172,1,2,2.0,34.86010424562682,3.0600000303323617e-07,178.3975945,40000
172,174,3,16,5.333333333333333,34.47132428644315,5.835000011029227e-08,456.1728964,30000
172,172,1,1,1.0,9.719580947405246,3.3450000362456265e-07,336.7503558,20000
172,172,1,1,1.0,34.56185671209913,3.0600000303323617e-07,328.9720867,30000
172,181,10,87,8.7,34.57765718950438,28.800070863702626,171.8834783,20000
172,175,4,21,5.25,2.054433324344023,2.8800000026868805e-08,276.4941032,20000
172,186,15,137,9.133333333333333,34.57730603571429,23.614112892857143,332.4511878,20000
173,173,1,1,1.0,34.677443860058304,2.640000022577259e-07,311.3831505,30000
173,173,1,2,2.0,11.026597049569968,2.4900000200845484e-07,335.3787164,20000
173,173,1,1,1.0,34.747434857871724,2.4900000200845484e-07,331.7383748,30000
173,179,7,65,9.285714285714286,4.7171812807288624,16.870236901341105,4.707146965,40000
173,175,3,19,6.333333333333333,29.082529592565596,3.150000003214285e-08,195.6006073,30000
173,175,3,22,7.333333333333333,34.828048699708454,2.3250000017510934e-08,432.7039907,30000
173,173,1,3,3.0,13.396206967937317,1.4445000067592493e-07,332.6010791,20000
173,173,1,4,4.0,34.590650904518945,1.0800000037784255e-07,361.0115166,30000
173,178,6,53,8.833333333333334,0.004010905997338783,13.525194577988339,138.5598747,30000
173,180,8,69,8.625,34.441168373906706,22.612185190233237,481.2920382,20000
173,174,2,3,1.5,10.876306128637028,8.70000002451895e-08,115.088078,30000
173,173,1,1,1.0,34.806215571428574,1.2945000054283452e-07,382.7963016,30000
173,173,1,1,1.0,26.570406148688043,1.17600000448e-07,394.1082624,20000
173,173,1,1,1.0,34.679553297376096,1.17600000448e-07,341.394419,30000
173,174,2,12,6.0,34.81325790379009,3.9000000049271144e-08,385.6020803,30000
173,173,1,1,1.0,34.829105283527696,1.0800000037784255e-07,277.6450887,30000
173,174,2,8,4.0,19.17812418195335,4.185000005673542e-08,326.4317266,20000
174,174,1,4,4.0,34.54851638556851,5.835000011029227e-08,369.2987337,30000
174,174,1,1,1.0,34.84636467638484,8.070000021096502e-08,278.5578382,30000
174,174,1,5,5.0,7.176014568396502,4.185000005673542e-08,118.5978728,20000
174,174,1,2,2.0,34.53377426311953,5.835000011029227e-08,454.7230292,30000
174,174,1,1,1.0,34.87913192492711,5.835000011029227e-08,279.5450956,30000
174,186,13,120,9.23076923076923,34.46571306778426,23.614112892857143,193.7861487,20000
174,186,13,120,9.23076923076923,8.203942597966472,23.614112892857143,23.00934918,40000
174,186,13,119,9.153846153846153,34.45273855393586,23.614112892857143,480.1020569,20000
174,174,1,2,2.0,34.70733244970845,3.9000000049271144e-08,467.1421152,20000
174,186,13,118,9.076923076923077,34.666545936588925,23.614112892857143,226.8740821,20000
175,175,1,1,1.0,34.49447450801749,3.525000004025146e-08,379.3112707,30000
175,175,1,2,2.0,34.87032228571429,2.8800000026868805e-08,281.6716661,30000
175,178,4,33,8.25,12.463933469395045,11.206349434402332,499.0358229,20000
175,186,12,113,9.416666666666666,34.331155773323616,23.614112892857143,364.0443933,20000
175,177,3,22,7.333333333333333,34.63386057142857,6.186311556851312,461.7207681,20000
175,175,1,10,10.0,25.828925142857145,1.5290223991148686,316.1720763,30000
175,175,1,1,1.0,34.59416306195335,3.150000003214285e-08,460.6841939,30000
175,175,1,2,2.0,34.850239715014574,2.8800000026868805e-08,293.755846,30000
175,175,1,1,1.0,34.71858735349854,3.150000003214285e-08,392.9039285,30000
175,177,3,25,8.333333333333334,0.022039011880236152,8.598888157463556,178.1516937,20000
175,175,1,1,1.0,34.46150489868805,2.3250000017510934e-08,282.8172776,30000
175,175,1,5,5.0,34.6802564548105,1.1672973186041544,291.0317365,30000
175,175,1,1,1.0,34.854819533527696,2.3250000017510934e-08,395.1641978,30000
175,175,1,2,2.0,34.837558426384845,0.39392289551086007,409.3288998,30000
175,175,1,2,2.0,34.540794000728866,0.39392289551086007,365.5798351,30000
175,175,1,1,1.0,34.57449685787172,2.1000000014285713e-08,464.4227729,20000
175,178,4,26,6.5,13.172096321895044,12.36022477787172,280.5623747,20000
175,186,12,111,9.25,34.50078930685132,22.56551716909621,340.5575168,20000
175,177,3,12,4.0,34.81184939067055,5.725017368986881,450.2007503,20000
175,175,1,1,1.0,10.199642971027696,0.7750524207699708,123.37504,30000
175,175,1,1,1.0,34.553782052478134,0.7750524207699708,397.5327803,30000
175,175,1,1,1.0,34.767493166180756,1.5290223991148686,285.0620124,30000
176,176,1,1,1.0,34.75552799125364,1.8987935234985422,286.2537563,30000
176,182,7,63,9.0,34.50114014285714,33.2703860058309,301.6722841,20000
176,176,1,2,2.0,34.709090930029156,3.4929859857798835,282.3172992,30000
176,176,1,1,1.0,34.593811839650144,3.4929859857798835,418.4653415,20000
176,176,1,1,1.0,34.86186588921283,3.4929859857798835,376.1867149,30000
176,185,10,86,8.6,15.811203183702624,34.54465510495626,497.4486973,20000
176,186,11,100,9.090909090909092,34.790372455539355,22.56551716909621,426.3572653,20000
176,177,2,7,3.5,34.76115845189504,7.109345920998543,275.6699456,30000
176,176,1,1,1.0,34.63948296209913,4.975686260357143,423.3562903,20000
176,176,1,1,1.0,34.82276597740525,4.975686260357143,380.653657,30000
177,177,1,1,1.0,17.510771526559765,6.186311556851312,129.993496,30000
177,177,1,1,1.0,34.843546577259474,6.186311556851312,410.7271154,20000
177,177,1,1,1.0,34.754824209912535,6.635313299241982,428.5973823,20000
177,177,1,1,1.0,34.454491749999995,6.635313299241982,384.7683215,20000
177,186,10,94,9.4,34.45940089285714,22.56551716909621,441.3276052,20000
177,179,3,16,5.333333333333333,34.600134064139944,14.47452482798834,470.4336264,20000
177,177,1,1,1.0,0.7460269514868805,7.56141200292274,483.006512,20000
177,177,1,4,4.0,34.588894880466476,9.283219180058309,269.7921492,30000
177,177,1,1,1.0,34.7340652835277,8.598888157463556,297.1868404,30000
177,177,1,2,2.0,34.62718446720117,8.901854960823615,488.0541053,20000
177,180,4,28,7.0,3.693717602106414,22.612185190233237,191.0414982,30000
178,178,1,1,1.0,34.50078930685132,10.703114008753644,266.2271211,30000
178,186,9,85,9.444444444444445,34.542549026239065,22.56551716909621,355.7437795,20000
178,178,1,1,1.0,3.8648413472011662,11.548277400466473,486.6759798,20000
178,178,1,3,3.0,34.778404059037896,13.129424409212827,295.7207537,20000
178,178,1,1,1.0,20.664796080357142,11.861525718483964,383.4746788,20000
178,178,1,1,1.0,34.62507633309038,11.861525718483964,497.5139003,20000
178,178,1,1,1.0,32.94574169169096,11.861525718483964,264.130103,30000
178,178,1,1,1.0,25.743602892857144,12.738206062857142,136.8046509,30000
178,181,4,25,6.25,34.63175227113703,25.551168597667637,444.8359332,20000
178,178,1,1,1.0,22.090641887937316,13.129424409212827,384.8644869,20000
178,179,2,3,1.5,34.71964257725948,14.966151575539358,454.9732983,20000
178,178,1,2,2.0,34.69221102332361,13.979153514759476,398.0161024,20000
178,186,9,79,8.777777777777779,33.83161265597668,23.614112892857143,216.564414,20000
178,178,1,1,1.0,34.4401166180758,13.525194577988339,502.7586893,20000
178,186,9,78,8.666666666666666,5.597749965896501,23.614112892857143,275.4350206,20000
178,182,5,34,6.8,8.490387581814868,31.294315312682215,186.3938061,30000
178,178,1,1,1.0,27.831945411078717,13.979153514759476,138.204653,30000
179,179,1,2,2.0,34.79846967930029,15.559477508928573,292.1183832,20000
179,179,1,1,1.0,34.71788387827988,14.966151575539358,399.9900224,20000
179,179,1,5,5.0,0.006289145765994759,16.870236901341105,150.7826641,30000
179,179,1,4,4.0,34.83685396574344,16.870236901341105,487.1070203,20000
179,179,1,1,1.0,34.650728862973764,16.4901352303207,290.341026,20000
179,179,1,1,1.0,18.55585818685131,16.870236901341105,281.3751633,20000
179,179,1,1,1.0,34.596972892857146,17.225570022274056,467.4903012,20000
179,180,2,4,2.0,34.611023446793,19.492607932478137,404.0409586,20000
179,179,1,1,1.0,34.492018880466475,17.829897120000002,491.957448,20000
179,181,3,12,4.0,10.455708188928572,24.81192061297376,22.24066031,40000
179,181,3,12,4.0,0.0075461387443163915,24.81192061297376,159.6507091,30000
179,185,7,60,8.571428571428571,34.545006123177835,31.873482577259477,217.2581564,20000
179,180,2,3,1.5,34.63104951603498,19.492607932478137,473.1962265,20000
180,180,1,2,2.0,34.579764142857144,20.298759502631196,286.8682284,20000
180,186,7,66,9.428571428571429,15.996869283739066,23.614112892857143,502.7623871,20000
180,180,1,1,1.0,21.69551945633382,19.492607932478137,281.6938624,20000
180,180,1,8,8.0,34.506753717201164,23.654322999999998,502.7904518,20000
180,180,1,3,3.0,31.36652003571428,23.654322999999998,285.125747,20000
180,180,1,1,1.0,34.8016383680758,21.4113686180758,406.6157424,20000
180,180,1,1,1.0,34.568878782069966,21.4113686180758,145.2539049,30000
180,180,1,1,1.0,23.45594204154519,21.4113686180758,281.9528076,20000
180,181,2,5,2.5,34.728436618804665,26.811117868804665,408.6011577,20000
180,182,3,20,6.666666666666667,34.49272048104957,34.885475429300286,282.6192552,20000
180,182,3,18,6.0,6.746933038629737,34.86609398250729,210.6879566,30000
180,186,7,59,8.428571428571429,27.046622467201168,22.56551716909621,379.1103106,20000
180,183,4,22,5.5,34.781924000728864,34.68623352842565,489.8768673,20000
180,181,2,3,1.5,34.86503693950438,25.551168597667637,147.1416564,20000
180,182,3,12,4.0,13.926821443214285,30.77936008819242,387.602462,20000
180,181,2,2,1.0,33.48776372011662,24.81192061297376,494.4433927,20000
181,181,1,2,2.0,28.175957285714286,26.17884482798834,284.2545853,20000
181,183,3,27,9.0,30.13250431778426,34.704518956997084,505.2920436,20000
181,186,6,54,9.0,34.499035148688044,23.614112892857143,76.30745868,30000
181,186,6,54,9.0,0.0007710192562682216,23.614112892857143,200.9592306,30000
181,181,1,1,1.0,30.2062863090379,26.811117868804665,501.8182241,20000
181,183,3,20,6.666666666666667,7.01226541154519,34.49868432142857,470.9685753,20000
181,184,4,26,6.5,34.52289482215743,34.73793520699708,487.4231068,20000
181,183,3,18,6.0,16.48705365142857,34.518683801749276,286.8176415,20000
181,181,1,1,1.0,34.47868957725947,27.77627232142857,148.394449,20000
181,186,6,50,8.333333333333334,22.846064268221575,23.614112892857143,215.7524296,20000
181,183,3,11,3.6666666666666665,34.75693557142857,34.518683801749276,242.2636941,20000
182,186,5,46,9.2,34.68904641472303,23.614112892857143,149.5709585,20000
182,184,3,21,7.0,34.66092175,34.666545936588925,238.2136233,20000
182,182,1,1,1.0,34.69291428571429,32.61793004737609,410.7500761,20000
182,183,2,12,6.0,12.062250661341107,34.704518956997084,208.4692275,30000
182,182,1,3,3.0,16.48715990950437,34.102831848396505,400.6016642,20000
182,186,5,41,8.2,16.575647451428573,22.56551716909621,455.1558614,20000
182,182,1,1,1.0,34.59135332434403,34.86609398250729,410.7600498,20000
182,186,5,38,7.6,27.41082018658892,24.65781673760933,201.7316656,20000
182,184,3,17,5.666666666666667,34.491668082361514,34.75834317492711,344.8210394,20000
182,183,2,3,1.5,7.322675940590379,34.69818893950438,222.9229381,30000
182,182,1,2,2.0,18.269664491027697,34.44186955174927,407.0294209,20000
183,184,2,12,6.0,34.720346067055395,34.666545936588925,283.0185709,20000
183,185,3,18,6.0,10.885736899008746,34.44502492419825,235.0192922,30000
183,183,1,1,1.0,34.480092562682216,34.518683801749276,410.7601788,20000
183,186,4,32,8.0,34.53342329154519,23.614112892857143,480.928041,20000
183,184,2,14,7.0,30.042202696793,34.76291804737609,426.5242554,20000
183,186,4,33,8.25,12.971598402361515,22.56551716909621,399.8109664,20000
183,183,1,1,1.0,15.713011053943148,34.47798809329446,292.1430708,20000
183,183,1,2,2.0,34.73547250801749,34.65248616982507,507.8849062,20000
183,183,1,2,2.0,34.855876449708454,34.704518956997084,410.7729984,20000
183,183,1,3,3.0,34.44081778717201,34.48570473760933,260.9381162,20000
183,186,4,26,6.5,21.241981803214284,27.54824433309038,494.1429323,20000
183,185,3,14,4.666666666666667,11.53031707664723,34.708035837463555,224.7215087,30000
183,183,1,1,1.0,13.58688229510933,34.52745699781341,295.5582428,20000
183,184,2,4,2.0,34.47483148760933,34.666545936588925,410.7859202,20000
183,184,2,6,3.0,34.78614812317784,34.884065720845484,272.0790814,20000
184,184,1,1,1.0,12.309062612274051,34.65389204154519,297.8239374,30000
184,186,3,25,8.333333333333334,9.675349163447523,22.56551716909621,224.9456015,20000
184,184,1,3,3.0,34.51622747011662,34.884065720845484,481.6355029,20000
184,184,1,2,2.0,11.3719526678207,34.884065720845484,299.7982233,30000
184,185,2,14,7.0,34.773124419825066,29.640810210641398,286.7664403,20000
184,185,2,8,4.0,34.81994865962099,34.708035837463555,283.0060661,20000
184,186,3,20,6.666666666666667,23.028424924198248,23.614112892857143,348.5425367,20000
184,184,1,1,1.0,10.494214763272595,34.70592569169096,302.7230346,30000
184,185,2,3,1.5,34.753416664723034,34.54465510495626,465.9647365,20000
184,185,2,2,1.0,34.669006635568515,34.44502492419825,410.7598159,20000
184,185,2,8,4.0,34.59416306195335,31.873482577259477,293.5580521,20000
184,186,3,17,5.666666666666667,15.50214962659621,23.614112892857143,503.4024693,20000
185,185,1,2,2.0,9.55773220181487,34.54465510495626,304.8908285,30000
185,186,2,9,4.5,9.9608062106414,27.54824433309038,249.8547061,20000
185,185,1,2,2.0,34.50043847230321,34.61488775801749,410.7486194,20000
185,185,1,4,4.0,34.694672467201165,31.873482577259477,447.3131044,20000
185,185,1,1,1.0,8.954130542303208,34.61488775801749,308.0317829,30000
185,185,1,1,1.0,34.51587657142857,34.61488775801749,454.0149364,20000
185,185,1,3,3.0,34.877722321428564,31.873482577259477,283.070416,20000
185,185,1,3,3.0,9.887575903214287,31.873482577259477,236.5948989,30000
185,186,2,11,5.5,34.683420735422736,23.614112892857143,122.1162,30000
185,185,1,1,1.0,34.6408886180758,31.873482577259477,410.939369,20000
185,186,2,3,1.5,7.805346416333819,27.54824433309038,312.5419655,20000
185,186,2,3,1.5,34.81220151676385,27.54824433309038,439.8060932,20000
185,186,2,5,2.5,34.599431571428575,25.48268766472303,283.9727224,20000
185,186,2,5,2.5,10.854705873476677,25.48268766472303,242.9614152,20000
185,186,2,4,2.0,34.747786717201166,26.421650822886296,455.5798249,20000
186,186,1,4,4.0,34.5464102106414,24.65781673760933,411.8765426,20000
186,186,1,3,3.0,34.69115614067056,26.421650822886296,308.8867844,20000
186,186,1,4,4.0,34.659867256559764,23.614112892857143,311.8136932,20000
186,186,1,6,6.0,1.9157793390379012,22.56551716909621,416.9934378,20000
186,186,1,3,3.0,10.524597353068511,23.614112892857143,256.2935134,20000
186,186,1,1,1.0,7.553181900007289,24.65781673760933,315.9586582,20000
186,186,1,1,1.0,34.68271755174927,24.65781673760933,428.0950962,20000
186,186,1,1,1.0,34.643699999999995,24.65781673760933,314.5616196,20000
186,186,1,2,2.0,34.478338834548104,23.614112892857143,461.1063456,20000
186,186,1,1,1.0,34.63034676676385,23.614112892857143,285.1861296,20000
